stock1,stock2,model_type,w1,w2,pval,snr,zcr,mu,stdev,skewness,Emu
2303,2308,model3,-0.10645264380697674,0.8935473561930233,0.0665877423206575,0.8231780676765227,0.2280666666666666,4.265004158367549,0.0010198140184562068,0.16780443157277128,4.265072281053391
2303,2409,model3,-0.4288063779755053,0.5711936220244946,0.1438313007954936,0.7022280322139398,0.2142799999999998,0.30184948061452377,0.0013023536226875773,0.21719529972655355,0.30185672900913196
2303,2880,model3,-0.18709029305175315,0.8129097069482468,0.08826610415820338,1.549488786079583,0.21467999999999984,1.864372704861748,0.0008605894928539117,0.25420196080711155,1.864378001544481
2303,2892,model3,-0.055293163545904495,0.9447068364540956,0.08559105719165745,2.673394632427674,0.3221466666666666,2.657382413145048,0.0006817150098213378,0.3118459095102157,2.6573854013028266
2303,4904,model3,-0.08262415588659691,0.9173758441134032,0.09505523322489484,0.5846598260717021,0.16517333333333312,3.724544856666647,0.0007316669663737606,0.2866763081758913,3.724555569637244
2303,1722,model3,-0.1612924678544481,0.8387075321455519,0.15678610461509396,1.6585499976053004,0.17531999999999973,2.692544051711752,0.0005795120073334627,-0.1772251079536886,2.692536037897645
2303,2888,model3,-0.10009910981623947,0.8999008901837606,0.08193331919744581,0.5468026411170488,0.12375999999999995,1.6118530353520144,0.0008031600218052554,0.7747068609706006,1.611857731506986
2303,6285,model3,0.4973685501194923,0.5026314498805076,0.3140648773350449,0.3039841945107645,0.06809333333333344,3.6115920643904817,0.0015856036412295095,-0.3213583758293921,3.6118293077802948
2303,8150,model3,0.023749544262646038,0.976250455737354,0.08328796260554364,0.4760859951529871,0.12249333333333337,3.3522209931489795,0.0011171696820308449,0.036431395201435686,3.352272116870693
2303,9907,model3,-0.2739323941906653,0.7260676058093347,0.1503794314280176,1.1051577154520051,0.1695466666666665,1.2111449559519,0.0013268320865245482,-0.006539737061635489,1.2110894055542256
1301,2303,model3,-0.8857170248066027,0.1142829751933973,0.10076936181490877,0.6988725720292174,0.08825333333333328,-3.7070674835965143,0.0005350628659896208,0.3090351386730781,-3.7070827244636035
1301,2633,model3,-0.5258320871459832,0.4741679128540169,0.1108045884012974,0.4251207533621354,0.1963600000000002,-0.8482420461723824,0.0006136327179056832,0.740433441444638,-0.8483214856958016
1301,2880,model3,-0.6286932596509591,0.3713067403490408,0.16437360067598164,1.3495764579018183,0.1979866666666665,-1.7683937430294532,0.0005174015501439762,0.08387255583150319,-1.7683757823050381
1301,2890,model3,-0.12737231246138436,0.8726276875386156,0.06478319380516287,0.5410452999566593,0.12801333333333328,1.3866656830908786,0.0004892079155304251,0.35591547457659145,1.386678198940518
1301,4904,model3,-0.4043957337781208,0.5956042662218791,0.10588055200815924,0.7245086120567922,0.2286133333333335,0.7294361265253348,0.00047408825708395027,-0.07663804627731438,0.7294295331767676
1301,5880,model3,-0.5235031613508282,0.4764968386491719,0.09226325071158144,1.0778658726717487,0.21437333333333314,-1.0278288914787943,0.0005162872083652164,0.25414102072721473,-1.027805866831109
1301,1314,model3,-0.4424466669006889,0.5575533330993111,0.005704009069235592,1.5857353723645786,0.20803999999999992,-0.5878260406626643,0.001018158463342014,0.06997442627361418,-0.5878288920058455
1301,1536,model3,0.5810820736672848,0.4189179263327152,0.006289319608786933,2.3127382037462625,0.3244666666666666,4.698097959028995,0.0006244857080237176,-0.016042921600290274,4.6980900589520385
1301,1722,model3,-0.5920972913490444,0.4079027086509556,0.07746428985656167,1.6881386471737914,0.1998533333333332,-1.1632868712524995,0.00036570746980018237,-0.10795323260059632,-1.1632967751496976
1301,2344,model3,-0.716673690517385,0.2833263094826149,0.038740893145650684,0.3519156071107405,0.09633333333333333,-2.422719334181662,0.0007500758633449036,-0.2120147738940194,-2.422657984462474
1301,2347,model3,0.4684789687278771,0.5315210312721227,0.0862168182362419,0.6058120728217399,0.11999999999999995,3.9926536696732113,0.0005303168345810981,-0.3543464298380081,3.992593282854469
1301,2353,model3,-0.4455100261691832,0.5544899738308168,0.0773764305548548,1.4567744390326651,0.19588,-0.5190827923112772,0.0008777639867645613,0.35220732503233537,-0.51908384758401
1301,2498,model3,0.4796520560836444,0.5203479439163556,0.08672252210285873,0.8094324900457137,0.1325466666666667,4.390224283040362,0.0005231292661314672,-0.4196934653756889,4.39024109022141
1301,2888,model3,-0.4616484497822932,0.5383515502177068,0.0066388279929025795,0.4661239184188295,0.14561333333333326,-0.9670816696890292,0.0005566724829540924,0.9831092453736724,-0.9670903094046654
1301,6285,model3,0.8685774965639242,0.13142250343607575,0.4488824718066158,0.9053072732877724,0.17045333333333312,4.532584752887064,0.0004821544264438349,-0.09513678028184776,4.532720856702312
2308,2357,model2,-0.418029685160596,-0.581970314839404,0.04117792481776745,0.9660759987000866,0.21494666666666676,-5.407825902689302,0.0006023224809861263,-0.15726835400747705,-5.407831617162651
2308,2409,model3,-0.8694027083338569,0.13059729166614295,0.20123604273659693,0.6468387772729908,0.20801333333333327,-4.095235297835962,0.001041352827950938,0.21500334631649992,-4.095281414936659
2308,2880,model3,-0.6174017603287856,0.3825982396712145,0.01251327154333585,0.968104439498822,0.21405333333333346,-2.0314885862323098,0.0008057957711200322,-0.24825139163859394,-2.0315123739508754
2308,2885,model1,0.3345543409237351,-0.6654456590762649,0.8727420427695752,1.1196359662617923,0.2812533333333333,-2.3612261571181273e-05,0.0012615844135649178,-0.14664972541331273,0.00010320986249669325
2308,2892,model1,0.36841167316031387,-0.6315883268396861,0.7222272645345824,1.5180385169352122,0.24066666666666664,-4.141837133378641e-06,0.0006223267776805548,0.37362208051901946,1.4936639969451264e-06
2308,2912,model2,-0.5281348546268091,-0.471865145373191,0.16303875972221551,0.7238761343590782,0.15229333333333314,-5.294608476102623,0.0007043062754906264,-0.6638880662522169,-5.294574185220595
2308,4904,model1,0.4579304438512232,-0.5420695561487767,0.8500207773227066,0.7317074196589158,0.12205333333333335,-3.4149056232092666e-05,0.0006702552381890613,-0.3868646728249431,-1.461718911103264e-05
2308,5880,model1,0.35611701322090905,-0.6438829867790911,0.7502088283214411,0.8557573391931375,0.15275999999999987,1.832016497800145e-05,0.0007921877639688249,0.30023261211210184,-1.8749875639980432e-05
2308,2344,model3,-0.803008689178064,0.196991310821936,0.007040138163036992,0.7304111938408487,0.10948000000000006,-3.5139367984952576,0.0009470050968227,-0.5572623644149712,-3.5139997487319645
2308,2347,model2,-0.5596270606463426,-0.4403729393536573,0.08879081212395183,0.6129200203197991,0.13253333333333328,-4.398052485522495,0.0007369133299397131,-0.4937652382092078,-4.398112366131548
2308,6269,model3,-0.8704907140466924,0.12950928595330768,0.0929207525152182,0.6304559237901317,0.08965333333333332,-3.7960681715721862,0.0010191663857737675,-0.5805666543024277,-3.796154591278507
1102,1301,model3,-0.2649293597872168,0.7350706402127831,0.9941406861582,1.8907154217788058,0.25205333333333346,2.449668831936962,0.0003496606227549006,-0.16313605642881576,2.4496787174461945
1102,2357,model3,0.18246848123614065,0.8175315187638594,0.8089858773549723,0.6459076876507718,0.09057333333333333,5.213416407230426,0.0007454321970443573,-0.006820906971981635,5.213394582736344
1102,2880,model3,-0.3704716614668794,0.6295283385331206,0.93908134128324,0.8918936668255165,0.17629333333333316,0.5992628526039592,0.0007986766960020923,-0.058625616448527325,0.5993148587914975
1102,2885,model3,-0.09871844119982152,0.9012815588001784,0.9480017027499378,1.0334812412589889,0.22652000000000005,1.978051967009788,0.001646079304034014,0.1116899274790872,1.978106629378915
1102,1314,model3,-0.21854079169385987,0.7814592083061402,0.9675837975395094,1.4694754815234372,0.18405333333333315,1.2591145986646182,0.0013916557636721035,0.10505761180064732,1.2591355161827753
1102,1536,model3,0.3380471999978933,0.6619528000021068,0.9731591743926379,2.4033423315941267,0.20686666666666656,4.387260382306492,0.0009688160964198588,-0.03781321442104492,4.387221133008714
1216,2308,model3,-0.6308067617807851,0.36919323821921496,0.009528432571674524,1.4285477977595569,0.2387733333333333,-0.6808780765084734,0.0005204258418201235,0.059429210151360275,-0.6808596154752969
1216,2633,model3,-0.8124354995596094,-0.18756450044039066,0.004808129611099752,0.5977945866450453,0.14147999999999994,-3.900150804249229,0.0006326553495283228,0.22702798680378966,-3.9001833233620893
1216,2880,model3,-0.7376620529832291,0.2623379470167711,0.023226533250568848,0.8984361749370753,0.17358666666666636,-2.231848791509345,0.0005642335591000338,0.15850105382479526,-2.2318263144958883
1216,2890,model3,-0.08633966354045768,0.9136603364595424,0.005358314850392613,0.4990685032749543,0.09578666666666663,1.704943794355854,0.0005284688664188961,0.1240571786347674,1.7049692176393871
1216,2912,model3,0.6717405107900318,0.3282594892099681,0.01150188062858407,1.1106951929580942,0.2429066666666665,4.539249919391159,0.0005094779375402259,0.43095512826680976,4.539150943218312
1216,5880,model3,-0.6228501337097297,0.3771498662902703,0.0055218813146977255,0.8029930270895247,0.19779999999999995,-1.4652827619047677,0.0005915844935327482,-0.12929396458052564,-1.4652441156143345
1216,9904,model3,0.6246990847002719,0.3753009152997282,0.02753219406998467,1.3519772246163189,0.2698000000000003,3.9241272257517545,0.0004085760903330126,0.2049343180996916,3.924118951635049
1216,1314,model3,-0.4927905402203368,0.5072094597796634,0.0060782221181175785,1.3390214000216052,0.20031999999999966,-0.7126828766933835,0.00090889734406503,0.13758531845114255,-0.7126634473695125
1216,1504,model3,-0.7412873458226819,-0.2587126541773181,0.021607958800744897,0.5800323932552225,0.13438666666666665,-3.8722171622489716,0.0006101642154921563,0.2712375088410941,-3.8722453196923055
1216,1536,model3,0.6374035684223408,0.3625964315776592,0.00788024060633265,1.677542677141458,0.2443866666666666,4.376462079282064,0.0006634690658268317,-0.059080599886458064,4.376432380696075
1216,1605,model3,-0.8344423643994803,-0.16555763560051978,0.0073999781236556515,0.4352610153966737,0.10105333333333327,-3.816994403115437,0.0007803932219607113,0.00011118015352508115,-3.8170104947916785
1216,2347,model3,0.6842002520224235,0.3157997479775765,0.006076356675420463,0.6458323225215562,0.1444533333333333,3.887980683879667,0.0005602834029600858,-0.03321772881492301,3.8879847974710495
1216,2353,model3,-0.6237804454942611,0.3762195545057389,0.006976619632377825,2.110366792750826,0.3017199999999998,-1.5146777174628383,0.0006130857319126124,-0.019935154492249245,-1.5146689414004977
1216,2383,model3,0.8693340286596383,0.1306659713403618,0.05263858839128733,1.1840093397083686,0.22207999999999994,4.183181261336077,0.0006017689399435075,-0.29237448719565673,4.18316068446648
1216,2888,model3,0.30227442396717114,0.6977255760328289,0.007031065082057928,0.2552960551273462,0.04382666666666668,2.6788255605271374,0.0008627164453683756,0.4635000865777661,2.6789534140771765
1216,8150,model3,-0.4572391728416152,0.5427608271583848,0.007520080128311745,0.7241696633469676,0.14333333333333315,-0.02519903135389432,0.0006481115722789646,0.23384888523746244,-0.025205447673753933
1326,2357,model3,0.27037779073398505,0.7296222092660148,0.20311013449730253,0.8556235613600012,0.11201333333333338,5.336338285204468,0.0006361176315694071,-0.3950482942815904,5.3363207153491965
1326,2890,model3,-0.1468948241157636,0.8531051758842364,0.1291501036592029,0.8736917749879982,0.1479333333333334,1.2552483144208977,0.00042123442278080303,0.163248549794969,1.2552509272518644
1326,4904,model3,-0.2224238904544897,0.7775761095455103,0.21618413157939198,0.6503755024189004,0.2041333333333332,2.3354693686963506,0.0006041643743778367,-0.18287851839987831,2.3354916467563256
1326,1536,model3,0.3427980736583702,0.6572019263416299,0.14714248270770827,1.2273827888674609,0.2243599999999999,4.795692728411157,0.0010915192283066748,0.00011750374165354277,4.795655098566707
1326,1605,model3,0.5445924489350215,0.4554075510649785,0.18330368002229191,0.5738509278994113,0.18595999999999974,3.6511508715610512,0.0011498398129349775,0.1616137428349392,3.651198486241575
1326,2347,model3,0.2658294205099632,0.734170579490037,0.14560238428864825,0.41941023045803744,0.09975999999999996,3.788913535405486,0.0007270312096230048,-0.4190421442864302,3.788899599879135
1326,2353,model3,-0.3109858251901665,0.6890141748098335,0.302620468382392,1.613711657508293,0.1814533333333331,0.4540541573442613,0.00107567261094006,0.3550436787907933,0.45407265256415047
1326,2888,model3,-0.25570785358536297,0.7442921464146371,0.14647500496138466,0.4476470241422493,0.07241333333333322,0.394680314266169,0.0007165335709702418,1.2597210819299351,0.3947000944124748
2311,6285,model3,0.8820874984783774,0.1179125015216226,0.4880475022291715,0.7403445396374954,0.15849333333333335,3.7940533065400537,0.0005291839482015258,1.1889898904906908,3.7941010950983376
2002,2880,model3,-0.3887968113275123,0.6112031886724876,0.5649451597461418,1.0327206958147992,0.2888666666666668,0.5124695111408778,0.000777122912136685,-0.15574864555963813,0.5125037818144944
2002,2885,model3,-0.22099302166512647,0.7790069783348735,0.5498855605135451,1.2811265024447271,0.2751333333333334,1.2767410676368969,0.001368002357493266,-0.10152964510136664,1.276747883323179
2002,2890,model3,-0.04554129183244143,0.9544587081675586,0.34174540807490245,0.524824035904882,0.14672000000000002,1.99955278511738,0.0005443660539367237,0.22384486481152785,1.9995843066200947
2002,2892,model3,-0.11986076783403288,0.8801392321659671,0.5892414634934725,1.9269068250999943,0.2743066666666663,2.2229358553367558,0.0006668429268476537,0.3470407597332989,2.2229817040850173
2002,4904,model3,-0.2070828886085791,0.792917111391421,0.5750197388671247,1.0951157951894726,0.24883999999999976,2.736393423300681,0.000548286268398508,0.09087853580609102,2.7363889124188336
2002,5880,model3,-0.2663252647578291,0.7336747352421709,0.4996060119903054,0.9892596833644915,0.1670666666666666,1.2019160237671942,0.0007594941540149359,0.26414983586304003,1.2019601598737106
2002,6505,model3,-0.4627942214641908,0.5372057785358093,0.6415391315244933,1.4364806261730247,0.24608000000000035,1.006604343647116,0.0010155822698536454,-0.3019549486915997,1.0063322969194128
2002,1314,model3,-0.2565748088744646,0.7434251911255355,0.5645636005797251,1.7421202112446967,0.2520533333333334,1.0547403741332015,0.0012772511544072876,0.027873726486914528,1.0548247644540703
2002,1536,model3,0.3482409689527782,0.6517590310472219,0.6091516136650593,1.888059726381649,0.17285333333333336,4.346552911199527,0.0009716292523030084,0.11936623869422115,4.346487828469433
2002,2353,model3,-0.24549994948479864,0.7545000505152015,0.5902648340834435,1.4339939124706635,0.16500000000000006,1.2416012925113191,0.0011941264216062055,0.4490882511529963,1.2415060953288595
2002,2498,model3,0.2767261530912267,0.7232738469087734,0.4568584754542848,0.8686208141747459,0.15529333333333345,3.981768867068823,0.0005986234187734603,-0.6153407350330231,3.9817686635551666
2409,4904,model3,-0.09957237126643252,0.9004276287335674,0.22096826315030774,0.6752522909239652,0.14762666666666674,3.6197342919356585,0.0007052831396171651,0.4875669374868481,3.6197521280526437
2409,1314,model3,-0.11709367668750788,0.8829063233124921,0.22817582892618898,1.3724664970370808,0.14735999999999985,1.9462249056803915,0.001595557729302869,0.0882262894464444,1.9462514737664662
2409,2353,model3,-0.12833455980626288,0.8716654401937372,0.2504816715535055,1.4150241312522327,0.16769333333333314,2.0317470489357112,0.0013830679868340975,0.4422852430603711,2.0317067784871
2408,2633,model3,-0.10570884648092413,0.8942911535190758,0.04303661001037394,0.2348408855514194,0.05253333333333336,2.4501820188700734,0.0012623625800678453,-0.008412355379144129,2.4500973577761385
2408,2885,model3,0.20327284673328933,0.7967271532667107,0.11007714445416372,1.285966227431932,0.2398400000000001,2.8750034232665693,0.0014078298788829454,0.20272018197593328,2.8750664687276286
2408,2892,model3,-0.09210249214408914,0.9078975078559108,0.032661833529171534,1.4601089442293629,0.2768933333333334,2.3132305901333616,0.0007327947268177668,0.2601329667560461,2.3132480813424303
2408,1314,model3,-0.13628750432294942,0.8637124956770507,0.02728427816640727,1.177755219175746,0.1459599999999999,1.62768608895742,0.001601836255969151,0.018591577937405592,1.6277223415293096
2408,1536,model3,-0.12071686966144884,0.8792831303385512,0.025623096855462813,0.6709975675095747,0.16249333333333313,3.84649340314305,0.0016366177818278036,0.05577437608929228,3.8464035357734723
2408,2347,model3,-0.08791666059431452,0.9120833394056854,0.02375648810249752,0.2580056524564326,0.07270666666666667,2.8526005676971327,0.0010495469939094302,0.2789875871027012,2.8525413712681775
2408,2353,model3,0.09273033354444664,0.9072696664555532,0.10245612889333408,1.0501863314312876,0.1938933333333332,2.8302379880773594,0.001490306292134558,0.3244397404237261,2.8302350381284906
2408,2888,model3,0.003217662870172637,0.9967823371298272,0.029059323412950082,0.25693276015447536,0.04373333333333327,2.0889695514581685,0.0011324134599166866,0.8233973055126801,2.0890678595708203
2330,2633,model3,-0.5827206077167914,0.4172793922832086,0.046692900584841684,0.37486025881338497,0.33270666666666626,-1.7787893133298909,0.0008279712166731183,1.0306950293580543,-1.7790095028842157
2330,2885,model3,0.09825226406298172,0.9017477359370184,0.010760189792500593,0.9728641982925542,0.24332000000000004,2.8323503798754603,0.0016811978230330564,0.33140098872212664,2.8322940398127257
2330,2890,model3,-0.29363356666088186,0.7063664333391182,0.026843576178325758,1.2895778977188823,0.14557333333333325,0.01392580224377174,0.00038931194557537596,0.29933967711143844,0.013886647755593257
2330,2892,model3,-0.3014140436483295,0.6985859563516705,0.01336477653336996,5.45212687634516,0.4229333333333336,0.4554924119761179,0.0005070182284242972,-0.09574399172870338,0.45549009975018845
2330,4904,model3,-0.3857248718100667,0.6142751281899332,0.02631631244069817,0.7641899714913212,0.17059999999999978,0.5699860305895179,0.0005708065919860433,-0.11549940977305312,0.5699039888418929
2330,5880,model3,-0.5027995220996125,0.4972004779003876,0.024114062150527717,3.7365157800832898,0.3338266666666664,-1.2984374329339434,0.0005264094035499613,-0.06908033205448587,-1.298467091089493
2330,6505,model3,-0.7020116270129624,0.2979883729870375,0.061516198449414736,0.7598125776125385,0.2135733333333332,-2.376497666793711,0.0008604522539535751,0.2421570392069747,-2.3767905665633906
2330,1605,model3,0.7328458325998343,0.2671541674001656,0.04914621759224656,1.1274620219496894,0.2294933333333333,4.629170404186977,0.0008472740922969523,-0.024503262178860053,4.629181153535403
2330,2347,model3,0.5331736241635269,0.4668263758364731,0.0220607869588376,0.6924910346731065,0.0874133333333334,4.505239778271567,0.0005970792587823577,-0.18502266019948052,4.505283331316571
2330,2353,model3,-0.4257580920931399,0.5742419079068601,0.015681882749355468,1.4328470524856498,0.21910666666666667,-0.7341956026553553,0.0009465420983042057,0.23248588424691125,-0.7342871539057465
2330,2888,model3,-0.4890356800448445,0.5109643199551556,0.023490331930295,0.6964451978338871,0.17903999999999984,-1.5589097664765936,0.0006288375489256036,0.4569560368637498,-1.5590244992170528
2330,6285,model3,0.8801000259811137,0.11989997401888634,0.1310475800258068,0.7366256939051997,0.10565333333333328,5.271279557782373,0.0007904235117273637,-0.11211077526902044,5.271419234773158
2330,8150,model3,-0.4403050073532291,0.5596949926467708,0.010926698431708242,0.600888976695466,0.10357333333333336,-0.4753640803299309,0.0007414200982975122,0.07465060469826107,-0.4754766421602204
2357,2408,model3,-0.8635211706688284,-0.13647882933117164,0.0979300329176486,0.3955050961343177,0.10740000000000002,-5.4326923443080535,0.000919588352200351,-0.2263353201308487,-5.432613366734024
2357,2633,model3,0.6203426109693609,0.3796573890306391,0.03534898369717407,0.4681251739064465,0.15353333333333333,4.72374654473841,0.000760117171455431,0.4663689035195768,4.723720252452489
2357,2880,model3,0.663852982566628,0.336147017433372,0.0024350964734228247,1.954312661026192,0.29998666666666696,4.717420948282338,0.000557385052249565,-0.1401711403266084,4.717417077878733
2357,2885,model3,0.09315511960955172,0.9068448803904484,0.00944206497449096,1.0177305471272062,0.20907999999999996,2.84376928249671,0.0016627101061539489,0.22438090584057405,2.843784096047682
2357,2892,model3,0.362386794603602,0.637613205396398,0.002663105518559796,13.687243825983948,0.42942666666666657,3.9350122092856985,0.0004760084039062405,0.014762148556508715,3.9350139152581343
2357,3481,model3,-0.9187694693815122,-0.08123053061848808,0.6000426046675021,0.6097438485929733,0.09878666666666673,-5.398461849289747,0.0008643056982230395,-0.16827332068614215,-5.398433180230329
2357,4904,model2,-0.5143768797752907,-0.4856231202247094,0.13656270286703914,0.7305322609269649,0.10430666666666674,-4.987069086812551,0.0005535555701881185,0.008759912150339362,-4.987070431910915
2357,5880,model3,0.58257185124695,0.4174281487530501,0.009929981644187288,1.7932526211997637,0.348653333333333,4.459487843383508,0.0005443230685792506,-0.1805236628999543,4.459489598141902
2357,6505,model3,0.7381990440563335,0.2618009559436665,0.04748282275375145,0.8840260971695576,0.1717733333333332,5.383292016030088,0.0008353220406853066,-0.11238785057102564,5.383189887212041
2357,9904,model2,0.7301161362421669,-0.2698838637578331,0.18425898803948493,0.4338400583990451,0.0909466666666666,3.117578403681557,0.0007785108913410495,0.5376868974874257,3.117521622277203
2357,1319,model3,-0.8252916714070379,0.17470832859296212,0.038562625602786484,0.8431591011361261,0.13594666666666666,-3.949653895403912,0.00071634287284138,0.12040262641127605,-3.949653986759736
2357,1504,model3,-0.9681641898340452,0.03183581016595473,0.014808762706866404,0.3523276304233829,0.026666666666666547,-5.353569282697644,0.0010612875920438351,-0.5148931224783625,-5.353484245718738
2357,1722,model3,0.6356559545630379,0.3643440454369621,0.08589775267513629,1.117670909572286,0.1648399999999999,4.938026583551547,0.0005518253105233314,-0.13142920426403185,4.938019055527694
2357,2313,model3,-0.8291035777394761,-0.17089642226052393,0.03596196046741065,0.4806315188893071,0.11917333333333326,-5.255754173228786,0.0008508702620820463,-0.36058228632376266,-5.255690090377549
2357,2344,model3,0.7729845895435131,0.22701541045648696,0.007726271474183189,5.633507310289613,0.3724266666666665,5.0155742881427035,0.0005155597930090139,0.2479920695904055,5.0155894037142135
2357,2353,model3,0.5369777628735896,0.4630222371264105,0.002571824684355497,1.1779547200943234,0.2305066666666664,4.277653278154105,0.0008480004752634152,0.07321500514304717,4.277645230350916
2357,2383,model3,-0.9945382980616512,0.005461701938348915,0.040992681725763536,0.3550441146942533,0.026666666666666547,-5.581378881534281,0.001084143809938118,-0.5391770008671264,-5.581301714621974
2357,6269,model3,-0.8890420051354408,-0.11095799486455916,0.1153019418450522,0.846396839841032,0.12628,-5.554027554227301,0.0007808432756865357,0.1451878468695005,-5.554021162704734
2357,8150,model2,-0.5378685393907787,-0.4621314606092212,0.018973117501732133,0.513877920807759,0.14594666666666675,-4.590815852265526,0.0007221514336219459,-0.19243634520820094,-4.590802094108435
2474,2885,model3,-0.23962393431894155,0.7603760656810584,0.4900344870909086,1.2951813536756946,0.30018666666666644,0.5196752630189824,0.0013630641812446243,0.12065028517507533,0.5197823567987714
2474,1314,model3,-0.08999559156371167,0.9100044084362884,0.2615026679540852,1.0820688041098132,0.15526666666666672,1.7720586222763273,0.001717963642214066,-0.06091056429429564,1.7720939060569862
2474,2353,model3,0.2611236262232898,0.7388763737767102,0.5550358958464789,1.2622312498066195,0.20903999999999995,3.5456207479206863,0.0011932693902271104,0.04539751444670854,3.5457005168333935
2474,2888,model3,-0.2435229793901814,0.7564770206098186,0.25727802502822994,0.3723981551190941,0.08070666666666662,0.1278415603248204,0.0007947218507224797,0.3200943769034565,0.1279445183215256
2633,2880,model1,0.4729792531247197,-0.5270207468752803,0.8747487611512308,0.35865078543811824,0.2310533333333335,8.861860140030615e-05,0.000989451225418491,0.9425606770099548,8.256649649167091e-16
2633,2890,model2,0.091887034891911,-0.9081129651080891,0.08750782183875194,0.52020429879073,0.14933333333333326,-1.7460827284489011,0.0005299178766552804,0.016870632023651584,-1.746114371675814
2633,2912,model3,-0.4248681903331896,-0.5751318096668103,0.004824961982757768,0.2313588491010374,0.07738666666666667,-4.5511097915062715,0.0009161699492551207,-0.23497651015026824,-4.550860786526647
2633,4904,model1,0.5710322470484699,-0.42896775295153017,0.9508670753379196,0.5188138017168049,0.10585333333333327,4.790777034915224e-05,0.0007143199915193508,-0.03557393612343186,-2.3821582595842416e-05
2633,5880,model1,0.4656741945725927,-0.5343258054274073,0.9655537589109409,0.6630172324139658,0.2541733333333337,7.202711105572579e-05,0.0007815165765357589,0.8668116515556009,-3.2373886404568035e-05
2633,6505,model1,0.5908588092082355,-0.4091411907917645,0.8499195298324034,1.9377940002175236,0.3419199999999999,4.619892136175382e-05,0.0009093597756606867,0.2082775896216384,0.0001707712131224939
2633,9904,model1,0.5344940395552052,-0.4655059604447948,0.7238916133574371,0.29182284426447946,0.0964800000000001,9.394000696961354e-06,0.0008572234287110357,0.03242553102729464,7.002887039875526e-15
2633,1314,model1,0.4399561025504707,-0.5600438974495293,0.9308644044355908,1.2310768717536071,0.17615999999999982,3.4878819050971896e-05,0.0011108125433956825,0.23184923491375545,-2.298510131830059e-16
2633,1319,model3,0.7574205651045889,0.2425794348954111,0.08701107411604855,0.2633280270277725,0.12413333333333335,3.422814780118724,0.001068309611605935,0.4981050410601172,3.4226553162241515
2633,1504,model3,-0.5659511569203616,0.4340488430796385,0.01936852142892791,0.3635332681912933,0.10724000000000004,-0.3736597242072888,0.0008388747762116224,0.255726578632222,-0.37362416634235485
2633,1536,model1,0.6048855969089536,-0.3951144030910464,0.7326897779512154,0.2896339362772232,0.1075333333333335,-4.829708719204628e-05,0.0012770183861523295,-0.0465655562572912,-1.023365808535893e-15
2633,1605,model2,-0.6883302927929287,-0.3116697072070713,0.2352463242274287,0.5424958487969878,0.11088000000000008,-3.0363113941861517,0.0010774591055540189,-0.6632258178584705,-3.036199019862609
2633,1722,model3,-0.5831877823753366,0.4168122176246633,0.03821301617383082,0.4313088257701611,0.19543999999999992,-0.33404850150311216,0.0007529311516733028,-0.5477277685006519,-0.3339798140623303
2633,2344,model3,-0.6917096316774058,0.3082903683225942,0.02642361354139167,0.2485904995584529,0.1748666666666666,-1.3411402799379544,0.0011848947565597596,-1.0661712665538683,-1.340932051224196
2633,2353,model1,0.4553677806470333,-0.5446322193529668,0.9697708648306428,0.7109935231036817,0.1993066666666665,8.252826472613162e-05,0.0010688279385004749,-0.2953021975366272,4.1808635394186576e-05
2633,2383,model3,-0.8806426773221298,0.11935732267787025,0.004555639471398728,0.272483025565743,0.061546666666666625,-2.2413179400697016,0.0012036820582640832,0.2431226202401647,-2.2413082119536902
2633,2498,model2,0.4423349965319898,0.5576650034680102,0.3835185026595678,0.6722875511806858,0.20623999999999995,3.8073899393098207,0.000685681001586725,0.1709522802440005,3.807354297082912
2633,8150,model2,-0.2446449238098443,-0.7553550761901557,0.07098054742694597,0.633831140003896,0.11097333333333334,-3.335112790408421,0.0008307860879081532,-0.21191910266711364,-3.335111716352949
2823,4904,model3,0.41645178362799457,0.5835482163720055,0.013119127760377885,0.5142340419763797,0.15002666666666656,3.949225796756495,0.0005649137406778041,-0.5458219739997073,3.949244869471893
2823,1314,model1,0.4226237523348668,-0.5773762476651332,0.7769227818357931,0.4302373745559606,0.09782666666666673,5.859201794836011e-05,0.001387012955665219,0.23270426574829234,6.6756898866502795e-16
2882,2912,model2,-0.6639898565982778,-0.33601014340172225,0.390240297681567,1.1679174463818351,0.2634666666666668,-4.440030272165443,0.0004157688903502388,0.08422347669874744,-4.439956049462866
2882,5880,model3,-0.8214352954076677,0.17856470459233234,0.004881111870093997,0.4808680180552032,0.1345466666666667,-2.692273783690216,0.0005090970502764335,0.1873343978368101,-2.6923012784698903
2882,1314,model1,0.3946356263511227,-0.6053643736488773,0.8941648248110617,1.269047626292553,0.17279999999999984,2.0516311778839835e-05,0.0010935561769673606,-0.04612466161721517,4.879343404286118e-17
2882,1504,model3,-0.8381527527200275,0.16184724727997246,0.015321161480415518,0.4337827105118887,0.11074666666666667,-2.717778674810297,0.0005201072544926021,0.5993798064418082,-2.717825351398882
2882,1722,model3,-0.9524049250091396,0.04759507499086047,0.027348499622278692,0.3962226843063385,0.12907999999999994,-3.5270325227538644,0.0005803894585425742,0.6185658172878415,-3.5270127222226826
2882,2049,model3,-0.9957292918921276,0.004270708107872339,0.13406913060308406,0.3903987403056721,0.15389333333333327,-3.8490576121394593,0.0006068717682118518,0.6868834840948159,-3.8490409037883486
2882,2344,model3,-0.8877806997496229,0.11221930025037692,0.009103862003629072,0.4182815954043412,0.13893333333333338,-3.1281046423626417,0.0005744069757197448,0.04935058765909929,-3.1281102383822255
2882,2353,model1,0.4096167071829329,-0.5903832928170669,0.8136248057382157,0.9197323969674522,0.2380400000000003,4.4040341608348276e-05,0.0010080520213187774,-0.5322689952951055,2.5768804399045987e-05
2882,2383,model3,-0.9078360979664166,0.09216390203358343,0.084654496670952,0.4595158161511724,0.10444000000000014,-3.0666550007907682,0.0005769604638760557,0.4620958177050766,-3.066721450074949
2885,2890,model1,0.4680250559994238,-0.531974944000576,0.9344021500450904,0.8141933435364138,0.14903999999999995,-3.588404693752878e-05,0.000982041361977137,-0.005403243423151358,-1.6079214416104568e-05
2885,2892,model1,0.5370870228126521,-0.462912977187348,0.7661625018405609,1.12831442535924,0.2531333333333335,1.6301427682770728e-05,0.001013910961244018,0.11146210502859867,-2.422052002476251e-05
2885,2912,model1,0.6838100181037096,-0.31618998189629044,0.9433784274467694,0.9845964165287362,0.13830666666666658,-5.6730857903895724e-05,0.0013276122965759744,0.3479620911117566,0.000107583422182231
2885,4904,model1,0.6269060084717574,-0.3730939915282425,0.9940537388318278,1.4204651979060108,0.20151999999999992,-2.4323275903255965e-05,0.0011150701209784706,-0.0111008508323989,5.64922580952449e-05
2885,5880,model1,0.5238207498029088,-0.4761792501970912,0.7745854711850726,1.0796045491302249,0.256626666666667,-2.789701023919289e-05,0.0011103415590684078,-0.07512998219033057,-1.7838917341995112e-05
2885,6505,model3,-0.7628727000407621,0.2371272999592379,0.04551173252715035,1.1827493365172603,0.19934666666666676,-0.8452254272103253,0.0013365226063501315,-0.003297998065300097,-0.8451731915488573
2885,1314,model1,0.4978900173208496,-0.5021099826791503,0.8552730490140896,1.3486686951431877,0.2375466666666667,-2.378585369500049e-05,0.0013204997633798805,-0.021456067866605952,-4.190431626053686e-06
2885,1319,model3,-0.8357543779795652,-0.16424562202043472,0.040222583085720034,1.4325773605115142,0.29757333333333313,-2.7991714773449274,0.001442198590073718,-0.06388111931988827,-2.799206007762379
2885,1504,model1,0.5669409464175881,-0.4330590535824118,0.8766478296622985,2.2392437036520323,0.3293466666666665,-3.073954777855103e-05,0.000966482076564793,-0.051480020356151256,7.911024936985976e-06
2885,1605,model2,0.8621553516762324,0.13784464832376755,0.12002082646320172,1.0701647114988473,0.16861333333333325,2.5645880356906985,0.0016061226154211274,0.03827676884985354,2.5646508463021016
2885,1722,model3,-0.7117744141656135,0.2882255858343865,0.0859867498554735,1.2911794908218894,0.30461333333333296,-0.7492536902688909,0.0012531461158880675,0.024240276636993,-0.7492845924934196
2885,2103,model1,0.5809596767552435,-0.4190403232447565,0.6084294852864348,1.3865172640990049,0.17041333333333314,-1.4334850704028253e-05,0.001069780922057618,-0.1158570480235446,-6.123571618104395e-05
2885,2344,model3,-0.939839951587169,0.06016004841283101,0.0069930346385206526,1.053444844875674,0.21949333333333326,-2.228863992089977,0.0017101997816273778,-0.1658273836906985,-2.2289096906358097
2885,2353,model1,0.5134638559404041,-0.4865361440595959,0.7762080729532942,0.9136676669241758,0.15079999999999993,-1.777465439470216e-05,0.0012414045323942285,-0.3317567496137906,-2.921979679262877e-06
2885,2383,model3,-0.8625917119768953,0.13740828802310462,0.040446512756631615,1.0500116591626267,0.13694666666666652,-1.5137577243990956,0.0016325113000027235,-0.17742231825207974,-1.513825014992081
2885,5264,model1,0.6439922131170575,-0.3560077868829425,0.8709018533561727,1.6970518732320568,0.3182666666666664,-2.0076110938419176e-05,0.0012957926898850064,-0.16763517029735905,-4.512023647742524e-05
2885,6269,model3,-0.922941030123408,0.07705896987659194,0.11985019830246645,1.1948042331872883,0.19618666666666668,-1.98444498999338,0.0016416165203516988,-0.009965917095618304,-1.9845001471838217
2885,8150,model2,0.4684948945960926,0.5315051054039073,0.06897024813481134,2.068266611847433,0.2668533333333336,2.988946805694048,0.0009231194849274651,-0.056343868900186486,2.988997804742435
2880,2890,model1,0.4371356432017178,-0.5628643567982821,0.8221643252814135,0.2844436566465763,0.07561333333333341,-6.776080324855993e-05,0.000757505428894486,0.012199748697035304,-7.0338871181960965e-16
2880,2891,model3,-0.4623795966613022,0.5376204033386978,0.06928522723226055,3.138557839975346,0.4683200000000004,0.24983901000845976,0.000597222994499973,0.21295775767627048,0.249831562268405
2880,2892,model1,0.5059728829942214,-0.4940271170057786,0.6988791027163463,0.6583058042796436,0.19137333333333306,-2.8540111862351838e-05,0.0008256067046204311,-0.021672699655155444,-4.571784374620733e-16
2880,5880,model3,-0.40803938811784135,0.5919606118821586,0.033715432895983805,2.3268819973397403,0.23078666666666645,0.4831146036727376,0.0006298043976129592,0.1834955590559625,0.4831281643771287
2880,9904,model2,-0.5021205376944203,-0.4978794623055798,0.03209295438712646,0.28048365147983395,0.035346666666666623,-3.2990383980864597,0.0008759171809994687,0.09658945444258536,-3.2990996908760453
2880,1314,model1,0.4667686595596487,-0.5332313404403514,0.7088199397314514,2.1224570693735982,0.2339733333333335,-4.427473832987102e-06,0.0009449334077535039,-0.0034057059576452497,-8.096760319653465e-17
2880,1319,model3,0.6666727371777227,0.33332726282227737,0.07116208777696421,0.9855898957973204,0.15709333333333322,3.275275934263338,0.0008603828990375143,0.035965668361425056,3.275277598628187
2880,1504,model1,0.5360947973843537,-0.4639052026156463,0.9896236902516959,0.329866176819157,0.13248,-0.00011557653593764111,0.0010274986219352274,-0.5427235801307884,-2.91822335538144e-16
2880,1536,model3,0.4429003958801858,0.5570996041198141,0.0012159290262497065,3.6153639181445976,0.34551999999999994,4.035108979728282,0.0008207583145593973,0.08508705548897727,4.035095967678394
2880,2103,model3,-0.2728480521597841,0.7271519478402159,0.0016402828282773615,1.7955923398263698,0.2227066666666667,1.7871732079568463,0.0005953711197786949,-0.008683030690124618,1.7871901743663219
2880,2313,model3,-0.9259649771838979,0.0740350228161019,0.02306419329310214,0.21100017733623425,0.09766666666666662,-2.430459468751801,0.0017042761360403964,0.30466625689383026,-2.4306926111284133
2880,2344,model3,-0.6520637450836082,0.3479362549163918,0.015727542634756474,1.040067268377527,0.13042666666666658,-0.8827077282758691,0.0009048119436757873,-0.043265453710609164,-0.882718329193264
2880,2347,model3,0.38174578413288857,0.6182542158671115,0.003905352917590277,0.8179514888218674,0.18220000000000008,3.2849143283926625,0.0006380526657131233,-0.7371987490465826,3.2849205151545533
2880,2353,model3,-0.3748554874265918,0.6251445125734082,0.02198331465882213,1.621650815363884,0.2007333333333332,0.6010843405791678,0.0010199636539387539,0.21372203691336708,0.601102873510021
2880,6269,model3,-0.7604611430587435,0.2395388569412566,0.0849984794194573,2.9998507490239823,0.20605333333333314,-1.0363233118928141,0.0007952339022717794,0.5414345648772486,-1.0363383486966335
2880,6285,model3,0.7980374485492844,0.2019625514507156,0.4087048794153089,0.9799642634674214,0.15658666666666654,3.239071733503324,0.0009512484076438457,-0.01649535456481132,3.2392989364623057
2880,9907,model3,-0.6226371766483051,0.37736282335169496,0.08690698321257725,0.9329838132664808,0.16997333333333298,-0.8009437400395314,0.0009764849656334321,-0.4388012930911557,-0.8010167620790867
2892,5880,model1,0.4866953708775583,-0.5133046291224417,0.7436724607385837,1.5276767710563761,0.28953333333333303,3.0046967924620323e-06,0.0006183338047860806,0.17203641097481598,-2.9722699958697738e-05
2892,6505,model3,-0.8414004195921301,0.15859958040786998,0.07989446854956468,2.2430087417229245,0.3420400000000001,-1.7566032742954012,0.0006897071217428246,-0.2812321643988481,-1.7566576499839872
2892,1536,model1,0.624850150469251,-0.3751498495307491,0.9322487302120008,0.5246212168101568,0.1610399999999999,-6.806266238626049e-05,0.0010052353210294649,-0.15655248970172014,-5.590858521061043e-16
2892,1605,model2,-0.8649992627947104,-0.13500073720528954,0.014344422480898147,3.9044587213460864,0.4626000000000001,-2.9187356994616835,0.0006600492303576329,-0.21469003160733732,-2.9187442616819643
2892,2313,model3,-0.9226051848932552,0.07739481510674473,0.031136921692047043,1.4721552871009156,0.2049466666666665,-2.4739907245214794,0.0007404161591561722,-0.2549940337132844,-2.4740089572861863
2892,2344,model3,-0.8569508600169347,0.14304913998306534,0.007410319258378596,9.525283647191232,0.3958666666666668,-2.1283746954841227,0.0005532944274001956,0.024817801544333443,-2.128369423656495
2892,2347,model2,-0.7908742966616855,-0.20912570333831448,0.10763514002182746,1.628276698505729,0.2555466666666666,-3.0830380613555306,0.0006453094361522192,-0.060218730818004926,-3.0830835597781947
2892,2888,model1,0.4124767342268447,-0.5875232657731553,0.7836477460749945,0.608787050421848,0.11179999999999994,1.7165615257836997e-05,0.0006351908307166642,-0.6972667861648494,5.517158232325934e-16
2892,6285,model3,-0.9404690515438806,-0.05953094845611935,0.356757777257701,2.4070981462988,0.2825600000000001,-3.0630999662920404,0.0006811359215636928,-0.350718038374895,-3.0630980964160353
3481,1722,model3,-0.1614171486394831,0.8385828513605169,0.4609538959135534,0.8695894288017804,0.16991999999999974,2.6833875406035497,0.0006012786112115321,-0.1749860199318805,2.683409418514055
3481,2347,model3,0.05743398048172685,0.9425660195182732,0.3304084285327021,0.30284339985220543,0.07450666666666668,3.475908453235366,0.0010215264721136668,-0.05388296004090224,3.4757521163418135
3481,2888,model3,-0.10259099736682922,0.8974090026331707,0.4038283207656848,0.5139684594960673,0.13962666666666676,1.5948213037509342,0.0008314292680452513,0.6710116004886117,1.5948482338985688
2890,4904,model1,0.6563388647332775,-0.3436611352667225,0.9773560223905746,0.6819137880491383,0.12496,-7.194292991197966e-06,0.0004386749807621377,0.3894047120641496,-3.014000040740409e-07
2890,5880,model1,0.5556293502374015,-0.44437064976259855,0.935420299405718,0.7257491848746289,0.0865466666666666,2.7294380044057635e-05,0.0004893746909089903,0.014418158983116844,-2.7358669107166955e-05
2890,9904,model1,0.6222610173284964,-0.3777389826715035,0.8468118762417524,0.5197993538342375,0.0690400000000001,-3.0895905854841924e-05,0.00048405937576999277,-0.6967935017907789,-8.26664781981949e-16
2890,1314,model1,0.5298714642816197,-0.4701285357183802,0.8849214193007892,1.9382047409996503,0.2216666666666668,6.013723787360683e-06,0.0008407563869282178,-0.08469885424619428,2.064260199890171e-16
2890,1536,model1,0.6871530863764413,-0.31284691362355865,0.928047667135202,0.4800646961458168,0.07515999999999992,-5.203287829746994e-05,0.0007527689394217688,-0.5878084534115875,-6.705661139739263e-16
2890,2344,model3,-0.8933003509542461,0.10669964904575384,0.010532397159206095,0.9167232545466952,0.15260000000000007,-1.7008800060177838,0.0004962323894617786,-0.30111015990180795,-1.700863796017235
2890,2353,model1,0.5453622555369986,-0.4546377444630014,0.9191830365832542,0.9283965375164294,0.12878666666666674,2.7934113055680202e-05,0.0007813547414864086,-0.3265155978082284,1.1548729896091018e-05
2890,6269,model3,-0.9617795612981602,0.03822043870183976,0.11148659496787357,0.5703071439320301,0.13134666666666664,-1.9772792582440109,0.0005346069470188316,-0.4557998298906139,-1.9772829675925643
2890,6285,model3,-0.9628943768304302,-0.03710562316956985,0.3790028031906798,0.618872786136555,0.14557333333333336,-2.3363141032663965,0.0005376514181565696,-0.25793128079457384,-2.3364403923988144
2890,8150,model1,0.5997245119578136,-0.4002754880421863,0.8629943229217812,1.201707100322973,0.18766666666666648,2.9803705291235144e-06,0.0004578853497335672,-0.4510151711652539,3.1982634792591558e-06
2912,4904,model3,0.3875132909235546,0.6124867090764454,0.013168872970126463,0.4701756556725494,0.09985333333333356,4.7737555184677305,0.0006458196270591321,-0.27527072759129323,4.773708460622258
2912,5880,model3,0.5198940198150459,0.4801059801849542,0.021022738273921888,0.9338383359358032,0.2439733333333332,4.224820186569121,0.0006781851842908995,-0.5681919040285477,4.224741383521284
2912,6505,model3,-0.8574787181250082,-0.14252128187499172,0.007629639837863162,0.3602565374882314,0.1709999999999998,-5.405327462541288,0.0009696254111503551,-0.3067060546759117,-5.4049885167644565
2912,1314,model1,0.3143695602664958,-0.6856304397335041,0.9555964669356108,0.7012832751321859,0.14886666666666648,3.668167799968813e-05,0.0014562534794683008,0.2722272894046768,-3.878419167732329e-05
2912,1536,model1,0.4718867980713566,-0.5281132019286434,0.993149169441726,0.7100828966506586,0.1495599999999999,-8.980566248959636e-05,0.001032650367548542,0.2714047845561069,-0.00012235547645250266
2912,1605,model2,-0.7417080010301669,0.2582919989698332,0.23971239623241294,0.6712068401626999,0.12403999999999996,-3.425631409352474,0.0008993609726486261,0.1727361084962706,-3.4254775331420846
2912,2313,model3,-0.7903872464832697,-0.2096127535167301,0.09146378303577618,0.4939330168835626,0.17970666666666654,-5.081422262515031,0.000853964479199879,-0.8239369868563444,-5.081078918633372
2912,2344,model3,0.7276460639349922,0.2723539360650078,0.011874816522738306,0.5189415624023247,0.15930666666666676,4.810510620742486,0.0008562071950745057,-0.43439783945127614,4.810400217845595
2912,2347,model3,-0.4796540210106834,0.5203459789893167,0.013227199176861423,0.3891534669431523,0.09839999999999983,-0.8178567645208594,0.0007136151468881588,0.20475805685955006,-0.8178256553105522
2912,2353,model1,0.32795227782648473,-0.6720477221735152,0.8637441527899266,0.7575697164089785,0.19415999999999975,4.732673693123394e-05,0.0012457696423255832,-0.010408001569971912,5.9586222844088467e-05
2912,8150,model2,-0.4305163609745907,-0.5694836390254093,0.1759858361586605,0.9718905060872044,0.1694266666666663,-4.299587344665872,0.0006233179490001008,-0.14052728446909032,-4.299495986723688
4904,5880,model1,0.3956596946918339,-0.6043403053081661,0.9008179059024609,0.8448371272197797,0.15452000000000007,3.8127056723643214e-05,0.0007247874936804776,0.2096113756613236,-5.7495474569031565e-05
4904,6505,model2,-0.7620600506109056,0.23793994938909446,0.4561228303854565,1.9098936865959677,0.2337066666666667,-2.164787455588597,0.0006324993756094111,0.09920598436948193,-2.164888764912246
4904,1314,model1,0.37112592216666135,-0.6288740778333386,0.9960168066671484,1.3902998211195932,0.1526666666666667,2.0873501307779503e-05,0.0011245587654732765,-0.0405061793044449,2.8336386073739378e-06
4904,1319,model3,0.8335809218461302,0.16641907815386986,0.07383252554928027,0.7114911677714916,0.16341333333333302,4.252202781389307,0.0006949266728729237,0.15022814193487333,4.25222256454812
4904,1504,model2,-0.6490985091681789,0.3509014908318211,0.30568341080762584,0.9720950096280874,0.11358666666666675,-1.6139483669699444,0.0005515427491440963,0.2600886129196233,-1.6140077267861124
4904,1605,model2,-0.7836432881341602,-0.2163567118658398,0.19401852363698824,1.411230303721126,0.2161333333333334,-3.9321251879675296,0.0006658133527855165,-0.19571322517444792,-3.9321510523024115
4904,1722,model3,-0.6773412135731495,0.3226587864268504,0.10768246223059656,0.82168904940374,0.1511066666666667,-1.7114195906505378,0.0005031822677008941,-0.20912725087388204,-1.7114239434599265
4904,2049,model3,-0.876363953589078,-0.12363604641092205,0.13387942644927645,0.5624854530365825,0.06762666666666664,-4.436983315223004,0.0007147715212733583,-0.5575250610019234,-4.437072110844806
4904,2344,model3,-0.7961464451706173,0.2038535548293826,0.02436295949506244,0.4886842420569911,0.20341333333333333,-2.8308622217555297,0.0007134579851164906,-0.0929480692974412,-2.830843215449057
4904,2347,model2,-0.5774232592030368,-0.4225767407969631,0.2633100991800981,0.7551673383665551,0.13458666666666672,-3.9700949480465417,0.0005641907900644023,0.1710659570572004,-3.9700785836511896
4904,2353,model1,0.3857807595585005,-0.6142192404414996,0.8865213835256125,1.1527551566432068,0.15594666666666646,2.7725959366528368e-05,0.0010522805819930883,-0.4598365727458585,-5.501903330974554e-06
4904,2888,model1,0.3264955969931305,-0.6735044030068696,0.8770476407848673,0.4130396842740423,0.13508000000000014,6.205731366491681e-05,0.0007081223306839629,-0.857340303304927,1.212298013550824e-05
4904,5264,model2,-0.7977032597749836,0.20229674022501654,0.17319647304630995,0.5954716202585033,0.11328,-2.4912379785324816,0.0007625359449813277,-0.052423241704619684,-2.491288781007748
4904,6269,model3,-0.8884248314313898,0.11157516856861016,0.11232882948526128,0.993682292096462,0.37625333333333294,-3.273391766047333,0.0006452390305484128,-0.4535172876420307,-3.2734064263054092
4904,8150,model2,-0.4754931505976795,-0.5245068494023205,0.1466812316944959,0.7070628239318787,0.15694666666666676,-3.810263816357556,0.0006422299118729812,0.41738125174904905,-3.810287953906846
5880,6505,model3,-0.6799914645281245,0.3200085354718754,0.056329183312508815,1.7489207486589518,0.318,-0.4210453100198867,0.0008240565851375058,-0.09787519610733582,-0.4212040034021472
5880,1314,model1,0.4740743064795746,-0.5259256935204254,0.8068658405667788,4.605740890946462,0.3991466666666659,1.933220600542166e-06,0.0009218223505633396,-0.08120127341703612,1.5420119122859554e-05
5880,1536,model3,0.4894240330635357,0.5105759669364643,0.011909945145466226,1.5927648153471194,0.21905333333333335,3.899032087572655,0.0009432691112599463,-0.04678612946268465,3.8990008966111787
5880,1605,model2,-0.7082887279742232,-0.2917112720257768,0.34494297099097937,1.4886485537848002,0.22199999999999984,-2.75475622154898,0.0008813585248525537,-0.2277622217188817,-2.754803923690102
5880,1722,model3,-0.5685165090419798,0.4314834909580201,0.12022820233545255,1.1486389067668583,0.20250666666666656,0.003590005297576925,0.0006235512764431463,-0.4193301652784471,0.0035533055780307687
5880,2103,model1,0.5575826322754015,-0.4424173677245985,0.6419129928170595,1.0384290064429678,0.21422666666666645,1.4381201319695333e-05,0.0006452423837753214,-0.08594476279557806,7.039820790211737e-05
5880,2344,model3,-0.7199419359181162,0.28005806408188383,0.02077863023887801,1.4049381953239006,0.27710666666666617,-1.2152467078968263,0.0007382643702801606,0.14510381031070138,-1.2152440455176292
5880,2347,model3,0.4815526791025858,0.5184473208974142,0.015621852745593112,0.7874696392682369,0.18399999999999986,3.1818466487251262,0.0006467764389881534,-0.4118378754811019,3.181836235166619
5880,2353,model1,0.4896301108218489,-0.5103698891781511,0.7631676552801336,1.359377140206473,0.2312533333333334,1.1738887196415248e-05,0.0009187858529133539,-0.3137608577998837,2.5701883138388733e-05
5880,2498,model3,0.4659131513862788,0.5340868486137211,0.022620560626659486,1.0166045218947806,0.18429333333333328,3.5896111672551783,0.0006683332072632874,0.2982526718099853,3.5896480226421525
5880,2888,model3,-0.4535271014050895,0.5464728985949105,0.014875459224973204,0.9720277126218249,0.15855999999999976,-0.1375243774839176,0.0006033574276244287,0.3329474875620765,-0.13754534803093596
5880,6269,model3,-0.8365804773058806,0.16341952269411933,0.1281083781179698,1.3277645815306558,0.19748,-1.5573008642892399,0.0008411468701942213,-0.5415349564979065,-1.5573472110339945
5880,6285,model3,0.8601636744844249,0.13983632551557518,0.3702002583487364,1.3649536488443832,0.16340000000000016,3.0615839098780087,0.0008288753043513855,0.14297000493952775,3.0617119455840167
5880,8150,model2,0.2805448800409494,-0.7194551199590508,0.07777545475825996,0.5494261924393942,0.132,-1.6356100583180535,0.0008711633346801192,-0.2863603455643629,-1.635560767659499
9904,1504,model2,0.013967342631916502,0.9860326573680834,0.024910980837180838,0.2655904400555117,0.03493333333333324,3.3520105759530487,0.0014545184981717204,-0.21353929482733824,3.3518623631079136
9904,1722,model3,-0.7313264410044749,-0.2686735589955251,0.032547297993880064,0.2760242329268447,0.06802666666666668,-3.707700824643457,0.0007239361122811801,0.4829711602076589,-3.7076719590245153
9904,2313,model3,-0.9481077093622656,0.05189229063773435,0.012144467803529782,0.19487125815952205,0.05251999999999999,-3.3370584044035936,0.0009546772219995526,-0.20776923294900712,-3.3369686649561685
9904,2347,model1,0.487526788357163,-0.5124732116428371,0.7325985200206898,0.275777341784306,0.08910666666666663,2.518166473139072e-05,0.0006563758118292613,0.20402057553200212,-8.487815957792079e-16
9904,2353,model3,0.450884059129181,0.5491159408708189,0.02634258073944137,1.3287383037716236,0.18981333333333314,3.1522820569356416,0.0009256611992191697,0.3660582641293509,3.152338146162961
9904,2888,model1,0.3598106751626782,-0.6401893248373217,0.9392524080713602,0.208144791225488,0.04610666666666695,0.00011818643373271433,0.0008619515942884857,-0.3896896039146289,1.0679689425435251e-12
6505,1314,model1,0.35232491319498205,-0.6476750868050181,0.8418517124123268,1.909759747890394,0.22424000000000013,3.6073287370189295e-05,0.0012342291492977602,-0.060218384241177786,-0.00012493748973589934
6505,1536,model2,-0.2982971401970283,-0.7017028598029716,0.3762835045600352,0.8892213099421057,0.18254666666666647,-4.8570456680960525,0.0012557597135970224,-0.1959207974908358,-4.856761952531642
6505,1605,model3,0.5453537947907284,0.4546462052092716,0.05643649718272688,1.1976347025421177,0.17090666666666668,3.7303647000453033,0.0013636471968556485,0.33205996970924684,3.7298709934064753
6505,2353,model1,0.3666677683174978,-0.6333322316825022,0.8076821202813539,0.9827751285512686,0.17950666666666654,2.5783754540039303e-05,0.0012643735772317954,-0.5959591930402395,-0.000103932227000109
6505,2498,model3,0.3227646856466024,0.6772353143533977,0.08587858063912898,1.2581139002577244,0.2580400000000002,4.39438730311828,0.0007538633527090678,-0.29177133088368723,4.394232182801117
6505,2888,model3,-0.30600608623551395,0.6939939137644862,0.07611993946383057,1.0908575005093832,0.1992266666666664,0.019066861247719055,0.0007606554192947681,0.06064865146695475,0.019241215319416135
6505,5264,model3,-0.5183291129426408,0.4816708870573592,0.04499642541228782,0.7043682402790721,0.17228,-0.18803739752921506,0.0016981448742372836,0.03086964676744347,-0.18780848071631046
1319,1605,model3,-0.4285889223216031,0.5714110776783968,0.07722766789102062,0.5101713244446741,0.11065333333333338,-0.23467075844288646,0.001594659191041958,-0.0254217593748555,-0.23466855797108105
1319,2498,model3,-0.20023969135954908,0.799760308640451,0.04458394244951176,0.6198618355355756,0.1054266666666666,2.6053647770811916,0.0007529306732883196,-0.18496329134146802,2.605393789750395
1314,1504,model1,0.5690061249726479,-0.430993875027352,0.8330396154054683,0.7667446591384386,0.12580000000000013,-3.7835933129056384e-05,0.001204225151721679,-0.14303901780091174,1.6836213183904557e-16
1314,1605,model1,0.5077254704567712,-0.4922745295432289,0.9553915302515904,0.25492037871910456,0.07042666666666669,-4.575339147656325e-05,0.0021472345069924736,-0.3109963151955539,9.639762877276286e-16
1314,1722,model3,-0.6051790277311462,0.39482097226885376,0.032061962057790765,1.5705907163768595,0.19747999999999985,-0.06787646977553888,0.0010559016422067246,-0.006489403404194613,-0.06787835260892239
1314,2313,model3,-0.8668961595350351,0.1331038404649649,0.028355952864867782,1.1547978619688335,0.14442666666666665,-1.746040427692133,0.001617146501023033,-0.07336344339781926,-1.7460788694747618
1314,2344,model3,-0.7552161955973775,0.2447838044026225,0.006731219805296618,2.375507342117688,0.27180000000000004,-1.2070072636849865,0.0012553400949367598,0.05733766644055294,-1.2069916264255967
1314,2347,model1,0.5816635005925317,-0.41833649940746825,0.8350854717369157,0.571978977323528,0.15654666666666672,-4.704049205264423e-05,0.001304563747233915,-0.1881230192255928,2.3355019453537422e-17
1314,2353,model1,0.5155724563704531,-0.4844275436295468,0.8069403921603918,2.4491601919544728,0.2588266666666669,8.752597220505661e-06,0.0011286175669313894,-0.04402836974757253,-1.0246160425317746e-05
1314,2383,model3,-0.917806958049229,0.08219304195077094,0.004555948229009618,1.089182255488612,0.1527600000000002,-1.9131144552455237,0.001713320767908716,0.1885851859264088,-1.9131572254428355
1314,2498,model1,0.6273300821854905,-0.3726699178145095,0.7946638987935661,0.6658223483477914,0.1647733333333333,-5.154093009908766e-05,0.0013683476114683282,0.08508720025833924,-6.695673356038493e-07
1314,2888,model1,0.4509788945686392,-0.5490211054313608,0.7845102401225468,1.3075905648450679,0.1516266666666666,3.7231939367687872e-06,0.0008760546040084107,-0.18500121453657184,2.4408512440108416e-16
1314,6285,model3,-0.876446686192009,-0.12355331380799095,0.3734825525932924,1.854689327783403,0.21941333333333327,-2.78954690739463,0.0014989110934361088,-0.034465339391393866,-2.7896415835044843
1314,8150,model1,0.5706947442508931,-0.4293052557491069,0.8707603029847975,1.2686585081718171,0.1743866666666665,-8.159113804073747e-06,0.0011058766963256419,0.08056353687572601,3.873066703225049e-16
1314,9907,model1,0.5116415439993354,-0.4883584560006645,0.8485561987610143,0.701819864672979,0.0973200000000001,4.520278403722008e-06,0.0014915581853366061,0.006184321197241871,5.066012579286579e-16
1536,1605,model2,0.7606256771377911,-0.23937432286220905,0.14426766098174035,0.8696528032820326,0.30416000000000004,3.132068262265828,0.0013752351160982,-0.0674821558955822,3.1320340214911506
1536,6285,model3,-0.8354137295778384,0.1645862704221615,0.3646599797236841,1.834816116270305,0.2305466666666668,-3.3713156730361153,0.0012595482989189893,0.04251170223132458,-3.371266097480882
1536,8150,model1,0.4055178111940688,-0.5944821888059313,0.9888284926328236,0.6414218549679843,0.20465333333333316,7.145467483983776e-05,0.0010067641732157565,0.604693366460475,7.364747847852085e-16
1605,2313,model3,-0.7824136338012275,-0.2175863661987725,0.029744126640008136,0.2913197093510442,0.032853333333333234,-2.7841580879762406,0.002345149235138373,-0.020216423441008918,-2.784103326594593
1605,2344,model3,0.5229764739514202,0.4770235260485797,0.021333240362131,0.6584253205954228,0.2145999999999998,2.746329605921206,0.0015297303859376256,-0.3515874582381334,2.7464289506033404
1605,2353,model2,0.13582797608628014,0.8641720239137199,0.10260196881292337,0.9989907959162304,0.16006666666666652,2.686778104060998,0.001427975859937732,0.5257489575999011,2.686828479421277
1605,2383,model3,-0.6112966879575732,-0.3887033120424268,0.00872402360223873,0.4336835466045884,0.06189333333333338,-3.55457186330167,0.001910131260805018,-0.34137222683058305,-3.554444012568298
1605,8150,model1,0.5631084944398105,-0.4368915055601895,0.9154639868544868,0.2399537232706544,0.0342666666666666,5.215342779668249e-05,0.0018417441806963587,0.4956403851129213,-1.267669571683325e-15
1605,9907,model2,-0.5504844280787006,-0.4495155719212994,0.10008292350127654,0.4019675867377519,0.04555999999999995,-2.633302622137969,0.0017681922937515812,0.2065762266704891,-2.6333293362082357
1504,2313,model3,-0.8294259723350466,-0.17057402766495347,0.030107377810093063,0.29329489149310245,0.07201333333333337,-3.3548843293625783,0.0011645561305400744,-0.06914902145271846,-3.354755657094889
1504,2353,model2,-0.12824864418150295,-0.871751355818497,0.1625417245772024,1.0266533918068463,0.1666133333333332,-2.7813156035068975,0.0014399475853070875,-0.33402225079693565,-2.7813506954594147
1504,2498,model2,-0.4234262332877438,-0.5765737667122561,0.2946045994380785,0.9347913094153256,0.10694666666666663,-3.877802470629285,0.0005880147413100731,-0.013850235674062659,-3.8777722613357555
1504,2888,model1,0.3835541934229652,-0.6164458065770348,0.9459519148168082,0.5688735540269269,0.09242666666666663,6.888168044920651e-05,0.0007360248922635348,-0.07838485641712169,5.701388021390984e-16
1504,8150,model2,-0.37086730606682,-0.6291326939331802,0.053879284283522115,1.1890671151491679,0.21989333333333305,-3.361516947720547,0.0006829783984802395,-0.02115189614554341,-3.361521799936071
1722,2344,model3,-0.6506443814797198,0.34935561852028024,0.03724303201624417,0.327482415389624,0.04493333333333331,-1.4066018738654988,0.0007945744570115213,-0.03613034596000853,-1.4065321384038787
1722,2347,model3,0.33231980642708203,0.667680193572918,0.029124187446514762,0.4025505547218637,0.07533333333333342,3.5877754064847727,0.0007025084543555369,-0.5763162327624438,3.5877635687637257
1722,2353,model3,-0.3766767291363429,0.623323270863657,0.13670792882455554,1.401874176134407,0.18533333333333293,0.2828436738725084,0.0010271769750487612,0.4222709278358081,0.2828629837968649
1722,2888,model3,-0.3861601034141558,0.6138398965858441,0.04015183810295398,0.6584451802503227,0.15134666666666674,-0.1558990889161871,0.0005779040334834309,0.5760809207426085,-0.15589410554901512
1722,6285,model3,0.8286267065019993,0.17137329349800073,0.3869199967488241,0.986672640169391,0.17311999999999994,3.8647875551424566,0.0005355539832967561,0.015871885820845096,3.86480758897606
2103,2347,model1,0.4986039553161228,-0.5013960446838772,0.937475903730152,0.22289762492707632,0.04085333333333329,-0.00013594517013649699,0.0008984536780504475,-0.4462120584618208,-6.33889062479655e-14
2103,2498,model3,0.6071479801842098,0.3928520198157903,0.013141786170039093,2.032137562027728,0.35575999999999985,3.828554906510096,0.0005123053214146116,-0.25850359433928155,3.828585201568734
2313,2344,model3,-0.5075408245067892,0.4924591754932108,0.10786274551065587,0.17763970875609422,0.11652,-0.2987121915244672,0.0017192961284709408,-0.8943802254236898,-0.29823161270342585
2313,2888,model3,-0.124663925236303,0.8753360747636969,0.02660726651771277,0.2723460767343394,0.07487999999999997,1.3997928910650277,0.000980625425324689,0.4933222952536353,1.3999073384023841
2347,2353,model2,-0.4151027682962215,-0.5848972317037785,0.1030621818596682,1.3684489090907137,0.16778666666666645,-3.0413442457178523,0.000977656302062906,-0.10658070515081597,-3.041350604661955
2347,2498,model3,-0.4905774743168035,0.5094225256831965,0.013012655420234076,0.9350619417715236,0.164613333333333,0.44473260179491453,0.0005303627261573704,0.19124626165652145,0.4447807735613728
2347,2888,model3,0.4417802106471569,0.5582197893528432,0.01260994383292722,0.5297196562412546,0.1371199999999999,2.7197133322506137,0.0006782448598121305,0.6063142936313262,2.7197364063751235
2347,8150,model1,0.4887727676715831,-0.5112272323284169,0.9266377947144911,0.4684071017842811,0.20510666666666635,5.083008513705245e-05,0.0008139116059476521,0.6644053437165256,6.57737165115704e-16
2344,2347,model3,0.0962641968355532,0.9037358031644468,0.006496293492453382,0.2859242981299172,0.0954266666666666,3.4639235943481315,0.0010168580086647194,-0.04900477104232876,3.4637975608753124
2344,2353,model3,-0.17171392611324987,0.8282860738867501,0.008439930907895028,1.162654296364008,0.14712000000000014,1.7384464773083366,0.0013671353156432722,0.3863854235723705,1.7384434166780465
2344,2888,model3,-0.12756835892607907,0.8724316410739209,0.007078656485181291,0.3697194921021733,0.06409333333333338,1.4480122518431484,0.0009023796194712293,0.9427045302959206,1.4480563193803824
2344,6285,model3,0.7261931357917675,0.2738068642082326,0.23452213560778634,0.2623404270546135,0.0634133333333334,3.3570578644347187,0.0016033993004833395,-0.4343550250140972,3.357471934091862
2344,8150,model3,-0.006438885426085569,0.9935611145739144,0.007591798647774857,0.4740639124651293,0.08355999999999994,3.329760528383213,0.0011423331008213458,0.2065877725437716,3.3297777074194364
2344,9907,model3,-0.4852431662599083,0.5147568337400917,0.052226571748382834,0.6042744934072641,0.22572,-0.03543421188291306,0.0012465907048755654,0.14535130494906298,-0.035537138821265725
2353,2383,model3,-0.8446755801608816,-0.15532441983911846,0.03801233962026422,1.124024546265587,0.1652666666666664,-3.0606890623048937,0.0013712057954031133,-0.29866487069530595,-3.0606703119123795
2353,6269,model3,-0.8692858248438449,0.1307141751561551,0.10881987108696367,1.5224638872348104,0.1448533333333334,-1.7091180716359198,0.0013140391571066807,-0.27605130760238794,-1.7091295346955424
2353,6285,model3,-0.8896052133457902,-0.11039478665420976,0.3969633246942527,1.4827161317097612,0.19760000000000005,-2.9074300410721765,0.001384101442772751,-0.3032829611300981,-2.9075833545167606
2498,6269,model3,0.8558751226659244,0.1441248773340756,0.0985843208541409,0.7699625969121439,0.2621333333333336,4.3541204995429865,0.000772730569350514,-0.08741211898805698,4.354142749496837
2498,8150,model1,0.441249942284068,-0.558750057715932,0.8739514054061623,0.6791447123496498,0.13645333333333326,5.556162924967485e-05,0.0007110428477507519,0.04228551537784268,4.888654149945571e-05
2383,2498,model3,0.190215372475115,0.8097846275248849,0.06881503191408703,0.3445853412148662,0.11833333333333325,4.413111482628705,0.0009819037318273152,0.11751931665609915,4.4129948537228305
2383,2888,model3,-0.1151510857596605,0.8848489142403395,0.004860778896596753,0.27694121614036904,0.06312000000000018,1.263110584754821,0.0010754347543566157,0.5793135415486917,1.263253563342319
2888,6269,model3,-0.8912741168563695,0.1087258831436306,0.1155839166762534,0.4559813304543098,0.08036000000000004,-1.326731157718979,0.0008744955417756223,-0.8240362862874855,-1.326781345204212
2888,6285,model3,-0.8906948536278171,-0.10930514637218303,0.3777412072708769,0.5333298803272458,0.09639999999999994,-2.3569714429163984,0.0008397214159888227,-1.0528110883731168,-2.357284117550173
6269,9907,model3,-0.2953277862213158,0.7046722137786843,0.0952322182383283,0.3911711103572759,0.06766666666666686,0.4339842858777809,0.0016347575156658214,-0.4673102793825205,0.43395713500694494
