stock1,stock2,model_type,w1,w2,pval,snr,zcr,mu,stdev,skewness,profit_without_cost,profit_tax1,profit_tax2,open number,return,std1,skew1,timetrend,pos,int_w1,int_w2,done,StrategyOpenTime,StrategyCloseTime
1101,2412,model3,0.15475286650833656,0.8452471334916634,0.32182314902567954,1.0799731724705632,0.24657333333333345,4.421995894661034,0.0013553448799301076,0.22592203598821137,0.0,0.0,0.0,0,0.0,0.0,0.0,0.0,0,0.0,0.0,0,0,0
1101,2883,model1,0.386992654950479,-0.613007345049521,0.97158073475575,0.10310357765714451,0.05634666666666672,5.840132326241143e-05,0.0017509147723236164,-0.8743862306228968,0.0,0.0,0.0,0,0.0,0.0,0.0,0.0,0,0.0,0.0,0,0,0
1101,2892,model3,-0.2287492183265581,0.7712507816734419,0.11852095698609243,0.2543094326144115,0.03394666666666657,1.3441579389317697,0.0017428644590907775,-0.26917234399126355,0.0,0.0,0.0,0,0.0,0.0,0.0,0.0,0,0.0,0.0,0,0,0
1101,2049,model3,-0.5703863688969097,0.42961363110309025,0.09266275698757634,0.3518687867090414,0.10662666666666672,0.2056766974918155,0.0019091084781674894,0.2109674421426837,0.0,0.0,0.0,0,0.0,0.0,0.0,0.0,0,0.0,0.0,0,0,0
1101,2353,model1,0.4250688829306898,-0.5749311170693102,0.8867250169578231,0.8538668421154405,0.1864666666666669,-3.762571402046018e-05,0.0017706820150728475,-0.12189490215835956,0.0,0.0,0.0,0,0.0,0.0,0.0,0.0,0,0.0,0.0,0,0,0
1101,3682,model1,0.4224513414196187,-0.5775486585803814,0.8730472698113635,0.6411003013774299,0.16993333333333321,-4.8556853772308745e-05,0.0014600985162000453,-0.2544762960726604,0.0,0.0,0.0,0,0.0,0.0,0.0,0.0,0,0.0,0.0,0,0,0
1101,5871,model3,-0.2935932658627637,0.7064067341372363,0.21449942220761184,0.7984170877878543,0.1689066666666664,1.8278897049761433,0.0013361001023274657,1.2810560265261144,0.0,0.0,0.0,0,0.0,0.0,0.0,0.0,0,0.0,0.0,0,0,0
1301,6285,model3,-0.7968270374132437,0.20317296258675638,0.9120254407195376,0.9600682009060604,0.19514666666666675,-2.541341672527504,0.0006396097853690328,-0.6066943872709223,0.0,0.0,0.0,0,0.0,0.0,0.0,0.0,0,0.0,0.0,0,0,0
2105,2317,model3,-0.36889906665794975,0.6311009333420502,0.02735256374575832,0.3894858302139781,0.08191999999999969,1.293032331859096,0.0007874933469907003,0.20651786243102155,0.0,0.0,0.0,0,0.0,0.0,0.0,0.0,0,0.0,0.0,0,0,0
2105,2412,model3,-0.16952156159760204,0.8304784384023979,0.059503985006336683,0.9392732644405399,0.19546666666666643,3.171484977033165,0.0014026099994340264,0.5106100735307134,0.0,0.0,0.0,0,0.0,0.0,0.0,0.0,0,0.0,0.0,0,0,0
2105,2882,model3,-0.7729074308295918,-0.2270925691704083,0.2879833284435348,0.03365886198424113,0.062440000000000016,-3.884506756296747,0.0031762308095683745,1.26721064515369,0.0,0.0,0.0,0,0.0,0.0,0.0,0.0,0,-5.0,-2.0,0,0,0
2105,2883,model3,-0.6723571695398488,-0.32764283046015125,0.13170532080465178,0.046012440126945935,0.1788799999999995,-3.347635888637875,0.0025692640643478195,1.340700437404039,0.0,0.0,0.0,0,0.0,0.0,0.0,0.0,0,0.0,0.0,0,0,0
2105,2892,model3,-0.3293720164222099,0.67062798357779,0.01231927505789111,0.765496516566916,0.21197333333333318,0.5182157902085359,0.0011722313080800813,-0.09882030306356342,0.0,0.0,0.0,0,0.0,0.0,0.0,0.0,0,0.0,0.0,0,0,0
2105,2344,model3,-0.4935481733013947,0.5064518266986053,0.02365155999207206,0.3783308779595857,0.08597333333333333,-0.8614973049670995,0.0013955089390311935,-0.30667629778211986,0.0,0.0,0.0,0,0.0,0.0,0.0,0.0,0,0.0,0.0,0,0,0
2105,2353,model3,-0.15003610353969382,0.8499638964603061,0.02456559548301246,0.623816463325116,0.12321333333333344,1.4759649502651002,0.0027400028309748493,-0.19050834020351987,0.0,0.0,0.0,0,0.0,0.0,0.0,0.0,0,0.0,0.0,0,0,0
2105,3037,model3,-0.5540047495405357,0.4459952504594642,0.03584831438234023,0.6973396919678932,0.14082666666666668,-1.0186547374679167,0.0016957171162125132,0.19171470751456723,0.0,0.0,0.0,0,0.0,0.0,0.0,0.0,0,0.0,0.0,0,0,0
2105,9945,model3,-0.9724719384235632,-0.02752806157643677,0.21455674629477445,0.03223194794583942,0.08666666666666596,-3.9575912740143013,0.003890133880020131,1.032823189336707,0.0,0.0,0.0,0,0.0,0.0,0.0,0.0,0,-5.0,-1.0,0,0,0
1326,2344,model3,0.6878231331497292,0.3121768668502708,0.04701346233828515,0.16539304292043533,0.12205333333333343,3.6070653152640384,0.0015013046457286621,-0.3652945931785979,0.0,0.0,0.0,0,0.0,0.0,0.0,0.0,0,0.0,0.0,0,0,0
1216,2105,model3,-0.7049411021177162,0.2950588978822838,0.04034142875027318,0.22799672441910832,0.046666666666667,-1.650602988311113,0.00143396854284656,-0.22453164354763136,0.0,0.0,0.0,0,0.0,0.0,0.0,0.0,0,0.0,0.0,0,0,0
1216,2317,model3,-0.5663048865864003,0.4336951134135998,0.054172199596645744,0.2145368377033078,0.04817333333333328,-0.3720759701342465,0.0012004922227571175,-0.4131567271497141,0.0,0.0,0.0,0,0.0,0.0,0.0,0.0,0,0.0,0.0,0,0,0
1216,2395,model3,-0.8632524852249993,0.13674751477500072,0.09346211947117868,0.2304329100870905,0.05963999999999999,-2.7237835855174026,0.0017417025301722786,-0.05662172499350743,0.0,0.0,0.0,0,0.0,0.0,0.0,0.0,0,0.0,0.0,0,0,0
1216,2912,model3,-0.725831865463243,0.2741681345367571,0.06606833316948041,0.3594030742382777,0.09065333333333331,-1.424363486892745,0.0012673002405588247,-0.39933664472206426,0.0,0.0,0.0,0,0.0,0.0,0.0,0.0,0,0.0,0.0,0,0,0
1216,2049,model3,-0.9730713182000489,-0.026928681799951122,0.023136700794823526,0.1728797892517826,0.05856000000000005,-4.024119604437123,0.0021242550642850354,-0.9303444965716415,0.0,0.0,0.0,0,0.0,0.0,0.0,0.0,0,0.0,0.0,0,0,0
1216,2353,model1,0.3784672038643206,-0.6215327961356795,0.894267942979711,1.1314023058348748,0.23148000000000027,-2.578309980483103e-05,0.0017614977219031407,0.2711346319683107,0.0,0.0,0.0,0,0.0,0.0,0.0,0.0,0,0.0,0.0,0,0,0
1216,2888,model2,-0.5457968209772462,0.4542031790227538,0.35293918900704546,0.3328021634653545,0.08770666666666657,-1.3431947336903463,0.0012073879154802533,-0.11422715895185484,0.0,0.0,0.0,0,0.0,0.0,0.0,0.0,0,0.0,0.0,0,0,0
1216,3037,model3,-0.7386980640558232,0.2613019359441768,0.02182951080131638,0.2709551251588911,0.1430666666666667,-2.265414216124314,0.0017580455819055873,-0.1707197081572631,0.0,0.0,0.0,0,0.0,0.0,0.0,0.0,0,0.0,0.0,0,0,0
1216,8464,model3,-0.7614901041950336,-0.23850989580496643,0.028567574454072934,0.20802340947987755,0.06684000000000007,-4.3431860750186555,0.0016690141227735642,-0.41323999796242444,0.0,0.0,0.0,0,0.0,0.0,0.0,0.0,0,0.0,0.0,0,0,0
1476,2382,model3,-0.14745607082750928,0.8525439291724908,0.037700470946691565,0.9843723264828438,0.15091999999999986,2.4836732929846814,0.0007279079835787141,-0.24026757529787957,0.0,0.0,0.0,0,0.0,0.0,0.0,0.0,0,0.0,0.0,0,0,0
1476,2395,model3,-0.5739799646292945,0.42602003537070554,0.029708490981730236,0.20290164222706958,0.059506666666666694,-1.2668718465644901,0.0020811256067305795,-0.8084789643252579,0.0,0.0,0.0,0,0.0,0.0,0.0,0.0,0,0.0,0.0,0,0,0
1476,2412,model3,-0.011538815349246181,0.9884611846507537,0.033806135989123826,0.832739657876684,0.4021600000000002,4.503662286913306,0.0016574574213909347,0.8019052373466455,0.0,0.0,0.0,0,0.0,0.0,0.0,0.0,0,0.0,0.0,0,0,0
1476,2882,model3,-0.6507151591288753,-0.34928484087112466,0.04757268310794559,0.02695968343648643,0.029093333333333152,-5.276133968023826,0.005046547057997544,0.8297888026172173,0.0,0.0,0.0,0,0.0,0.0,0.0,0.0,0,0.0,0.0,0,0,0
1476,2883,model3,-0.521233560128298,-0.47876643987170203,0.12047626776403011,0.032490177229689936,0.02897333333333315,-4.212282122762065,0.0039035476046201476,0.745156718796497,0.0,0.0,0.0,0,0.0,0.0,0.0,0.0,0,0.0,0.0,0,0,0
1476,2887,model3,-0.2366754140121571,0.7633245859878428,0.038775501983059436,0.7776150089372486,0.17459999999999978,0.35666764586490024,0.0014837286823566958,-0.1388289367646491,0.0,0.0,0.0,0,0.0,0.0,0.0,0.0,0,0.0,0.0,0,0,0
1476,2892,model3,-0.2165074736079322,0.7834925263920678,0.038387854448602175,0.9685023419000732,0.1639199999999998,0.7952881063625198,0.001225428538904668,0.6280508027665165,0.0,0.0,0.0,0,0.0,0.0,0.0,0.0,0,0.0,0.0,0,0,0
1476,2912,model3,-0.4135237132469105,0.5864762867530895,0.04869465933107008,0.40334004013662583,0.08846666666666661,0.6137782573098707,0.0011985484849212618,0.030298575833962334,0.0,0.0,0.0,0,0.0,0.0,0.0,0.0,0,0.0,0.0,0,0,0
1476,6505,model3,-0.11361255014441009,0.8863874498555899,0.0462570826109358,0.7746034483941803,0.18077333333333317,3.206062456053904,0.0007054574349243324,-0.2843234546683428,0.0,0.0,0.0,0,0.0,0.0,0.0,0.0,0,0.0,0.0,0,0,0
1476,1504,model3,-0.2930409116557665,0.7069590883442335,0.06997683987159992,0.3467877006520164,0.09534666666666687,0.49561998298921556,0.001369072892949002,-0.7605388400824675,0.0,0.0,0.0,0,0.0,0.0,0.0,0.0,0,0.0,0.0,0,0,0
1476,2344,model3,-0.2733549089801657,0.7266450910198343,0.014499162017431068,0.09954539252890622,0.07265333333333354,-0.11491406473336925,0.0024058686931529892,-0.513282085926058,0.0,0.0,0.0,0,0.0,0.0,0.0,0.0,0,0.0,0.0,0,0,0
1476,2353,model3,-0.17472523621527522,0.8252747637847249,0.040690123280869774,0.7269000481030737,0.24146666666666694,0.9325806504786368,0.0024905261045237094,-0.07723429675840904,0.0,0.0,0.0,0,0.0,0.0,0.0,0.0,0,0.0,0.0,0,0,0
1476,8464,model3,0.4054942386867908,0.5945057613132092,0.06725813201726082,0.3866320800278277,0.08971999999999998,5.733387823634946,0.0018938714924763376,-0.2867122434846141,0.0,0.0,0.0,0,0.0,0.0,0.0,0.0,0,0.0,0.0,0,0,0
2002,2382,model3,-0.1610647200729786,0.8389352799270214,0.11543977140773715,0.5023869394484658,0.14442666666666662,2.8750841579833093,0.0008798308702234266,-0.5393808399895751,0.0,0.0,0.0,0,0.0,0.0,0.0,0.0,0,0.0,0.0,0,0,0
2002,2882,model3,0.43482288949844744,0.5651771105015525,0.26382791285158536,0.04871390416502779,0.053333333333333094,3.293646151815095,0.002553155673970409,-1.0719343343383776,0.0,0.0,0.0,0,0.0,0.0,0.0,0.0,0,0.0,0.0,0,0,0
2002,2883,model3,0.4674710536828678,0.5325289463171321,0.1669571536301521,0.07304365949683617,0.05673333333333328,2.455409673897961,0.001914044468298883,-1.3896184397868794,0.0,0.0,0.0,0,0.0,0.0,0.0,0.0,0,0.0,0.0,0,0,0
2002,3008,model3,0.8211214392789836,0.1788785607210163,0.07679179886261525,0.25758889377889244,0.05603999999999991,3.7619795179746585,0.001738502596845329,-0.29318331973721373,0.0,0.0,0.0,0,0.0,0.0,0.0,0.0,0,0.0,0.0,0,0,0
2002,6505,model3,-0.16294073519134994,0.8370592648086501,0.17961219845638188,1.7216961192646347,0.2472666666666668,3.2199657052642827,0.0005605244142912975,0.0742886029996056,0.0,0.0,0.0,0,0.0,0.0,0.0,0.0,0,0.0,0.0,0,0,0
2002,2344,model3,-0.4544309099591037,0.5455690900408963,0.1807757623718641,0.45826001265605365,0.13195999999999988,-0.12986373572586066,0.0012510468910238372,-1.2524883242087632,0.0,0.0,0.0,0,0.0,0.0,0.0,0.0,0,0.0,0.0,0,0,0
2002,2448,model3,0.4381267664204732,0.5618732335795268,0.13798868724468563,0.05713730850398666,0.07452000000000072,3.133206463593898,0.0031094935506656937,-1.288682784582943,0.0,0.0,0.0,0,0.0,0.0,0.0,0.0,0,0.0,0.0,0,0,0
2002,2603,model3,-0.27858859822373533,0.7214114017762648,0.2372105486018145,0.644378896141077,0.13410666666666662,0.9884952665681258,0.002075762635404381,-0.4087768285667105,0.0,0.0,0.0,0,0.0,0.0,0.0,0.0,0,0.0,0.0,0,0,0
2002,9907,model3,0.22017461526400295,0.779825384735997,0.22066786647733133,1.7719147952535104,0.2583200000000001,2.738416246625958,0.0012377095235809456,0.1917747731261502,0.0,0.0,0.0,0,0.0,0.0,0.0,0.0,0,0.0,0.0,0,0,0
2317,2382,model3,-0.32075832710805746,0.6792416728919425,0.0207598293562327,0.5804507710578182,0.14010666666666668,1.3030902089548253,0.0006687598726753831,-0.1570244502446588,0.0,0.0,0.0,0,0.0,0.0,0.0,0.0,0,0.0,0.0,0,0,0
2317,2412,model3,-0.17491043604770187,0.8250895639522982,0.02885756860774317,0.8953828436092348,0.29301333333333296,3.054961781370375,0.0013674736304537657,0.6733117919615711,0.0,0.0,0.0,0,0.0,0.0,0.0,0.0,0,0.0,0.0,0,0,0
2317,2801,model3,0.4935504416794646,0.5064495583205354,0.021864366611965686,0.30601737558802516,0.07981333333333329,3.5678746879782497,0.0014298181473858527,0.9487991607737286,0.0,0.0,0.0,0,0.0,0.0,0.0,0.0,0,0.0,0.0,0,0,0
2317,2882,model3,-0.8872077527039562,-0.11279224729604376,0.2390930570137336,0.04065364459647258,0.05652000000000005,-4.281286589847974,0.0021163424031277675,0.8180795111795791,0.0,0.0,0.0,0,0.0,0.0,0.0,0.0,0,0.0,0.0,0,0,0
2317,2887,model3,-0.41536026596394987,0.5846397340360502,0.01861463427448608,0.5037390629612523,0.16470666666666647,-0.4220007166895737,0.001376380265105749,-0.22424581663273724,0.0,0.0,0.0,0,0.0,0.0,0.0,0.0,0,0.0,0.0,0,0,0
2317,2892,model3,-0.41005273351984267,0.5899472664801573,0.020495821424629686,0.5535130416132944,0.08490666666666664,-0.18577726125581134,0.0010974530077409,0.20634193004840592,0.0,0.0,0.0,0,0.0,0.0,0.0,0.0,0,0.0,0.0,0,0,0
2317,6505,model3,-0.2672388493070686,0.7327611506929315,0.025137838565099335,0.6261522637693456,0.11006666666666669,2.0630070104932585,0.000628813050541399,-0.14859825700589305,0.0,0.0,0.0,0,0.0,0.0,0.0,0.0,0,0.0,0.0,0,0,0
2317,1504,model3,-0.558559722115528,0.441440277884472,0.03476786608350927,0.21662989995843643,0.07424000000000004,-1.000462821858556,0.0010235127839221176,-0.4978190521029768,0.0,0.0,0.0,0,0.0,0.0,0.0,0.0,0,0.0,0.0,0,0,0
2317,2327,model3,-0.5447618218439274,0.4552381781560727,0.020020226079274336,0.8222888122575884,0.13993333333333355,-0.5700827350998479,0.0008159190653396889,-0.3379762625431797,0.0,0.0,0.0,0,0.0,0.0,0.0,0.0,0,0.0,0.0,0,0,0
2317,2353,model3,-0.2943290348368747,0.7056709651631252,0.02236526911939499,0.6522327717739632,0.18246666666666658,0.43409613916683315,0.0022443261809441373,-0.16002315664797598,0.0,0.0,0.0,0,0.0,0.0,0.0,0.0,0,0.0,0.0,0,0,0
2317,2603,model3,-0.5642802080898914,0.4357197919101085,0.06068629308323581,0.6577096883925239,0.14330666666666667,-1.3819243459857098,0.0013114802552438064,-0.06192845665597888,0.0,0.0,0.0,0,0.0,0.0,0.0,0.0,0,0.0,0.0,0,0,0
2317,2888,model3,-0.45908377975306003,0.5409162202469399,0.025592021433013673,0.6083300302709453,0.14814666666666665,-1.0035528475905104,0.0008076825098096121,0.6294216272711619,0.0,0.0,0.0,0,0.0,0.0,0.0,0.0,0,0.0,0.0,0,0,0
2317,3037,model3,-0.6986571572286006,0.3013428427713994,0.014173415136466118,0.732729338935095,0.1576266666666666,-2.254796391436092,0.001142957244037053,0.1753163105676063,0.0,0.0,0.0,0,0.0,0.0,0.0,0.0,0,0.0,0.0,0,0,0
2317,3682,model3,0.3481753000624033,0.6518246999375966,0.03238561780519087,0.21673132314657398,0.03605333333333329,3.091579117494808,0.0024661863797913594,-0.254320491648103,0.0,0.0,0.0,0,0.0,0.0,0.0,0.0,0,0.0,0.0,0,0,0
2317,9907,model3,0.2851811207049813,0.7148188792950186,0.02302495520101299,0.765959091205082,0.17573333333333335,3.173628465175126,0.0013469327259549135,0.35059847984362913,0.0,0.0,0.0,0,0.0,0.0,0.0,0.0,0,0.0,0.0,0,0,0
2382,2395,model3,-0.9034166680322377,0.09658333196776225,0.03153465112749935,0.8408617750712594,0.14779999999999988,-3.0803144461487655,0.0008475900050449198,0.05954830130830576,0.0,0.0,0.0,0,0.0,0.0,0.0,0.0,0,0.0,0.0,0,0,0
2382,2882,model2,-0.9728075511612149,0.027192448838785112,0.8120994868773473,0.19257567518482838,0.08150666666666662,-3.7741175982296817,0.0013826538142782674,0.8202651695722749,0.0,0.0,0.0,0,0.0,0.0,0.0,0.0,0,0.0,0.0,0,0,0
2382,2883,model3,-0.8971573356329791,-0.10284266436702089,0.1841988372881767,0.19151639403758505,0.09016,-3.785089243539916,0.0013349358155813286,1.1891198340510982,0.0,0.0,0.0,0,0.0,0.0,0.0,0.0,0,0.0,0.0,0,0,0
2382,2885,model2,0.7522240880950675,-0.24777591190493267,0.10160826017849199,0.5010030119975782,0.11620000000000001,2.407905553023773,0.0009115737950222967,0.31339763195473563,0.0,0.0,0.0,0,0.0,0.0,0.0,0.0,0,0.0,0.0,0,0,0
2382,2887,model1,0.37423022505078285,-0.6257697749492172,0.7419492696965734,0.48998372179162397,0.13902666666666666,-1.6463778752188554e-05,0.0015169994943318036,0.34208277694022626,0.0,0.0,0.0,0,0.0,0.0,0.0,0.0,0,0.0,0.0,0,0,0
2382,2912,model3,-0.8034942940976096,0.19650570590239028,0.049754422627746805,0.9349123393573191,0.18038666666666642,-2.137696017454442,0.0007199878410065818,-0.1782777176240279,0.0,0.0,0.0,0,0.0,0.0,0.0,0.0,0,0.0,0.0,0,0,0
2382,4904,model3,-0.7311329232534964,0.26886707674650356,0.06786757368151951,0.4317851997016179,0.11416000000000007,-1.7711114163080959,0.000870735925583905,0.3166623663657241,0.0,0.0,0.0,0,0.0,0.0,0.0,0.0,0,0.0,0.0,0,0,0
2382,1605,model3,-0.9536346904160293,0.04636530958397063,0.020509820386969812,0.19057257255202273,0.07869333333333334,-3.704272025841893,0.0013832374961394698,0.9457403212233665,0.0,0.0,0.0,0,0.0,0.0,0.0,0.0,0,0.0,0.0,0,0,0
2382,2353,model1,0.37967811860340656,-0.6203218813965933,0.7387618228654601,0.6921423603825942,0.1647599999999999,-6.713273140598849e-05,0.0019286801268154359,0.008777423247892586,0.0,0.0,0.0,0,0.0,0.0,0.0,0.0,0,0.0,0.0,0,0,0
2382,2603,model3,-0.6003931476452835,0.3996068523547164,0.005635257867123707,0.4100885492286868,0.07586666666666679,-1.3974650672569047,0.0013850411794068907,-0.0798022277010776,0.0,0.0,0.0,0,0.0,0.0,0.0,0.0,0,0.0,0.0,0,0,0
2382,2888,model3,-0.6380671825292009,0.361932817470799,0.018484747166996617,0.590634124493729,0.12866666666666668,-1.8699836901059446,0.0007143624364324994,0.2727110513181302,0.0,0.0,0.0,0,0.0,0.0,0.0,0.0,0,0.0,0.0,0,0,0
2382,5264,model3,-0.8946546735038976,-0.10534532649610237,0.03007538689126484,0.2227299281341382,0.1244266666666666,-4.102857887957377,0.0012713210330818523,0.8695194901742904,0.0,0.0,0.0,0,0.0,0.0,0.0,0.0,0,0.0,0.0,0,0,0
2382,8464,model3,0.7957450606272313,0.20425493937276862,0.031405344729471735,0.9146466637128681,0.16714666666666628,4.277638969920974,0.0008034375687182482,-0.016436621338538456,0.0,0.0,0.0,0,0.0,0.0,0.0,0.0,0,0.0,0.0,0,0,0
2395,2412,model3,0.013117306291520943,0.986882693708479,0.024603612596724615,0.787949571176768,0.35049333333333305,4.637603668699863,0.0016792525884260666,0.7434423032018084,0.0,0.0,0.0,0,0.0,0.0,0.0,0.0,0,0.0,0.0,0,0,0
2395,2801,model3,0.1400445982752282,0.8599554017247718,0.05856100949241427,0.28700636262360374,0.06779999999999997,3.1466211472121417,0.0021441831682802006,0.2632291396944728,0.0,0.0,0.0,0,0.0,0.0,0.0,0.0,0,0.0,0.0,0,0,0
2395,2882,model3,-0.7013321009547668,-0.29866789904523317,0.0035998627813656355,0.009632904639367529,0.03333333333333316,-4.823197354392013,0.007532048322008404,0.8192749294943621,0.0,0.0,0.0,0,0.0,0.0,0.0,0.0,0,0.0,0.0,0,0,0
2395,2883,model3,-0.36429111937889536,-0.6357088806211045,0.001,0.023170608153843412,0.03257333333333326,-3.267739870647746,0.0036648477545330595,1.1072947429021736,0.0,0.0,0.0,0,0.0,0.0,0.0,0.0,0,-1.0,-5.0,0,0,0
2395,2887,model3,-0.15869486242991873,0.8413051375700813,0.045534469543648766,0.5450762613984027,0.1058800000000001,1.155305765450327,0.0019924300023396856,0.23443437815711324,0.0,0.0,0.0,0,0.0,0.0,0.0,0.0,0,0.0,0.0,0,0,0
2395,2892,model3,-0.14760822451369307,0.8523917754863068,0.03412298020781159,0.6272300772397721,0.14589333333333337,1.5304680563815418,0.0014939164269084522,0.4079947949880291,0.0,0.0,0.0,0,0.0,0.0,0.0,0.0,0,0.0,0.0,0,0,0
2395,6505,model3,-0.07885012834476368,0.9211498716552363,0.038790433254583236,1.3231519997427383,0.23161333333333334,3.639293412224009,0.0006195607901915353,-0.23035978315527428,0.0,0.0,0.0,0,0.0,0.0,0.0,0.0,0,0.0,0.0,0,0,0
2395,1504,model3,-0.20220338054276327,0.7977966194572368,0.03853745325606303,0.622156109651857,0.13331999999999986,1.5201242427980675,0.001040234852454663,-0.027546819489746556,0.0,0.0,0.0,0,0.0,0.0,0.0,0.0,0,0.0,0.0,0,0,0
2395,2049,model3,0.038365121509200135,0.9616348784908,0.017423791989802956,0.12558055911028762,0.0384666666666666,4.872546344752881,0.005642817048105486,0.15358085969120705,0.0,0.0,0.0,0,0.0,0.0,0.0,0.0,0,1.0,5.0,0,0,0
2395,2344,model3,-0.2254524442615941,0.7745475557384058,0.05374203682359202,0.20521902622065277,0.11457333333333335,0.4715640394411527,0.0021391085784601056,-0.9047798699388813,0.0,0.0,0.0,0,0.0,0.0,0.0,0.0,0,0.0,0.0,0,0,0
2395,2353,model3,-0.09699769636278703,0.903002303637213,0.05685299416363821,0.6090204300300525,0.1219333333333333,1.682155385850187,0.0029021320074062757,-0.13726728279474879,0.0,0.0,0.0,0,0.0,0.0,0.0,0.0,0,0.0,0.0,0,0,0
2395,2392,model3,-0.36300148151766726,0.6369985184823328,0.005081849852030175,0.006565416631415902,0.013333333333333273,0.4553288610058999,0.005749176872396779,0.2905337132591371,0.0,0.0,0.0,0,0.0,0.0,0.0,0.0,0,0.0,0.0,0,0,0
2395,2603,model3,-0.08467830141963563,0.9153216985803643,0.045854916609523094,0.37854976507809696,0.06970666666666683,1.8209911493657032,0.003031606306944039,-0.39467124494196204,0.0,0.0,0.0,0,0.0,0.0,0.0,0.0,0,0.0,0.0,0,0,0
2395,3034,model3,-0.392079436807243,0.607920563192757,0.10011212072208338,0.024072254069697287,0.013333333333333273,0.8973853715101228,0.00634425157908043,-0.26737043377929787,0.0,0.0,0.0,0,0.0,0.0,0.0,0.0,0,-2.0,5.0,0,0,0
2395,3037,model3,-0.29188891329107347,0.7081110867089264,0.04973993645692358,0.5707398131133712,0.17355999999999963,0.31181249649577597,0.0023704336973696624,-0.20336152786607398,0.0,0.0,0.0,0,0.0,0.0,0.0,0.0,0,0.0,0.0,0,0,0
2395,3682,model3,-0.0786394292899297,0.9213605707100704,0.05849886003212031,0.21958558155632096,0.035813333333333267,1.8009993978397536,0.0034227237418320566,-0.5350173934691465,0.0,0.0,0.0,0,0.0,0.0,0.0,0.0,0,0.0,0.0,0,0,0
2395,6176,model3,-0.17517154303841398,0.824828456961586,0.017469754328263528,0.05693713971112555,0.026666666666666547,2.5077171734164647,0.004889513349779641,-0.09158121165504467,0.0,0.0,0.0,0,0.0,0.0,0.0,0.0,0,0.0,0.0,0,0,0
2395,8464,model3,0.2763382413049068,0.7236617586950932,0.038167113106044585,0.4066274531910848,0.04843999999999994,5.408866375329618,0.0019790977365765853,-0.5627216402654432,0.0,0.0,0.0,0,0.0,0.0,0.0,0.0,0,0.0,0.0,0,0,0
2395,9907,model3,0.09422758286925839,0.9057724171307415,0.03777184803333388,1.322021747431052,0.24838666666666684,2.9466384418106353,0.0014845732619388156,0.06750522354616535,0.0,0.0,0.0,0,0.0,0.0,0.0,0.0,0,0.0,0.0,0,0,0
2395,9945,model1,0.4083346414033409,-0.591665358596659,0.8148849762131372,0.02997371912338459,0.013333333333333273,-0.0014090441893886752,0.003868762475901534,-0.4402296656424456,0.0,0.0,0.0,0,0.0,0.0,0.0,0.0,0,1.0,-5.0,0,0,0
2412,2885,model2,-0.8049692733577671,-0.19503072664223278,0.5442126114058494,1.0225767317666332,0.2992666666666668,-4.187132525274871,0.001357294361609496,-0.03421003931790574,0.0,0.0,0.0,0,0.0,0.0,0.0,0.0,0,0.0,0.0,0,0,0
2412,2892,model2,-0.9856550806871331,0.01434491931286686,0.0940516238069905,0.8313087389689547,0.36210666666666624,-4.522854960796304,0.0016533853423999654,-0.7924032329370622,0.0,0.0,0.0,0,0.0,0.0,0.0,0.0,0,0.0,0.0,0,0,0
2412,2912,model3,-0.9737025390870153,-0.02629746091298464,0.0661061621976811,0.817687017957825,0.3468133333333326,-4.648495348532414,0.0016452959647708012,-0.7320007273350152,0.0,0.0,0.0,0,0.0,0.0,0.0,0.0,0,0.0,0.0,0,0,0
2412,4904,model3,-0.7341771383325416,0.26582286166745833,0.18304568704896212,1.3261959184707282,0.2701999999999999,-2.2716921829475356,0.0011132200264790148,-0.21950600767887174,0.0,0.0,0.0,0,0.0,0.0,0.0,0.0,0,0.0,0.0,0,0,0
2412,1536,model3,-0.9212790381776086,-0.07872096182239145,0.45409274016720963,1.1587600936859144,0.30294666666666703,-4.650872157184799,0.001446013099994495,-0.21719763570102815,0.0,0.0,0.0,0,0.0,0.0,0.0,0.0,0,0.0,0.0,0,0,0
2412,2049,model2,-0.9282621568708068,-0.07173784312919318,0.2015549282930454,0.9046685046346267,0.25097333333333344,-4.644454608887547,0.001536673879474378,-0.6458642212452775,0.0,0.0,0.0,0,0.0,0.0,0.0,0.0,0,0.0,0.0,0,0,0
2412,2327,model3,-0.9943912960830976,-0.0056087039169023505,0.0037820804047306224,0.8233298160396821,0.3647599999999996,-4.624593696862411,0.0016772207600534912,-0.780851491550992,0.0,0.0,0.0,0,0.0,0.0,0.0,0.0,0,0.0,0.0,0,0,0
2412,2344,model3,-0.8016931214653613,0.19830687853463871,0.01377211734309122,0.6580689682265438,0.14510666666666663,-3.2814818964845,0.0014749247526843208,-0.46303920617746835,0.0,0.0,0.0,0,0.0,0.0,0.0,0.0,0,0.0,0.0,0,0,0
2412,2353,model2,-0.6868933122519696,-0.3131066877480303,0.0456377079633212,1.707697984061792,0.21914666666666668,-3.9419946945620663,0.0013031041274785984,-0.09342009060749695,0.0,0.0,0.0,0,0.0,0.0,0.0,0.0,0,0.0,0.0,0,0,0
2412,2392,model3,-0.8316635077298125,-0.16833649227018763,0.7836404608477182,1.604731572062709,0.30774666666666683,-4.481743315694959,0.0012019528930405062,-0.05291673695988352,0.0,0.0,0.0,0,0.0,0.0,0.0,0.0,0,0.0,0.0,0,0,0
2412,2603,model3,-0.7914533392995745,0.20854666070042546,0.009266762145163981,1.1502934083249632,0.18486666666666648,-3.1451402323327655,0.0013377712523748324,-0.2448709804683984,0.0,0.0,0.0,0,0.0,0.0,0.0,0.0,0,0.0,0.0,0,0,0
2412,2888,model2,-0.9835813312511765,-0.016418668748823455,0.11338969444381843,0.8241340844449925,0.3694266666666666,-4.582665456140024,0.0016580404913007195,-0.7732415315020865,0.0,0.0,0.0,0,0.0,0.0,0.0,0.0,0,0.0,0.0,0,0,0
2412,3037,model3,-0.902898834261499,0.097101165738501,0.016187030372487362,0.8939555213307289,0.2167999999999999,-3.92236418647468,0.0015127572631468708,-0.5434187401576511,0.0,0.0,0.0,0,0.0,0.0,0.0,0.0,0,0.0,0.0,0,0,0
2412,3682,model3,0.7404537843544837,0.25954621564551617,0.18637954528301157,3.0172769865284463,0.27574666666666686,4.052652205290651,0.0011785192142285017,-0.05005686856322061,0.0,0.0,0.0,0,0.0,0.0,0.0,0.0,0,0.0,0.0,0,0,0
2412,3702,model3,-0.9444119824737499,-0.05558801752625019,0.01196691015248628,0.8328364433063503,0.3124133333333332,-4.564034367796235,0.001585239768243457,-0.7743322164173828,0.0,0.0,0.0,0,0.0,0.0,0.0,0.0,0,0.0,0.0,0,0,0
2412,6285,model3,-0.8927258616755526,-0.10727413832444747,0.7668256047005204,1.3363261490118605,0.24385333333333345,-4.611953438638201,0.0013525170549959521,-0.14608517365542276,0.0,0.0,0.0,0,0.0,0.0,0.0,0.0,0,0.0,0.0,0,0,0
2801,2883,model3,-0.5928697482354698,0.40713025176453027,0.25414719911903444,0.3120518718061642,0.15624000000000016,-0.8068323539003022,0.0015180200997818062,-1.1068969660766708,0.0,0.0,0.0,0,0.0,0.0,0.0,0.0,0,0.0,0.0,0,0,0
2801,4904,model3,0.4531013537054174,0.5468986462945826,0.0821608562498078,0.7405407830869486,0.1040133333333333,3.5810761370371633,0.000990535738360519,0.1686465809866724,0.0,0.0,0.0,0,0.0,0.0,0.0,0.0,0,0.0,0.0,0,0,0
2801,2049,model3,-0.6923870739903364,0.3076129260096637,0.060193493509546996,0.29469648158524187,0.19081333333333317,-0.43824714260871644,0.0021450907239122124,-1.3084385790885675,0.0,0.0,0.0,0,0.0,0.0,0.0,0.0,0,0.0,0.0,0,0,0
2801,2353,model1,0.46622978454299535,-0.5337702154570046,0.7633936917063571,0.49501088542463717,0.09674666666666666,1.4711310150437029e-05,0.0019641504523471047,0.3089322980549388,0.0,0.0,0.0,0,0.0,0.0,0.0,0.0,0,0.0,0.0,0,0,0
2801,2603,model3,0.4738648834656211,0.5261351165343789,0.05209267576684337,0.8317228323482017,0.12917333333333333,2.6284534597435347,0.0017525109040277846,0.06384665370725537,0.0,0.0,0.0,0,0.0,0.0,0.0,0.0,0,0.0,0.0,0,0,0
2801,2888,model3,-0.6227617098179906,-0.3772382901820094,0.010541415288271235,0.1981429713172712,0.10525333333333359,-2.435333458731816,0.002142427076527777,-0.7601135411768213,0.0,0.0,0.0,0,0.0,0.0,0.0,0.0,0,0.0,0.0,0,0,0
2801,3682,model1,0.46355332312667263,-0.5364466768733274,0.7401150249121163,0.31752235477805774,0.062413333333333446,-4.681432738522654e-05,0.0019213114668945866,0.1484488805450252,0.0,0.0,0.0,0,0.0,0.0,0.0,0.0,0,0.0,0.0,0,0,0
2801,3702,model3,-0.42513229431424837,0.5748677056857515,0.04004540075509183,0.1737368231967297,0.13404000000000002,0.8104821909180558,0.0016060066357072922,-1.0154097243630031,0.0,0.0,0.0,0,0.0,0.0,0.0,0.0,0,0.0,0.0,0,0,0
2801,5264,model3,-0.5882273753847872,0.4117726246152128,0.026090130596306108,0.3754126340105376,0.08536000000000002,0.4764540679162741,0.0016063978985766472,-0.05929306385216572,0.0,0.0,0.0,0,0.0,0.0,0.0,0.0,0,0.0,0.0,0,0,0
2801,8464,model3,-0.648178606416038,0.3518213935839619,0.03070291432129796,0.23015849435871447,0.03903999999999999,0.10416135305514031,0.00186306455501859,-0.08819797581569726,0.0,0.0,0.0,0,0.0,0.0,0.0,0.0,0,0.0,0.0,0,0,0
2474,2353,model3,-0.253845336085435,0.746154663914565,0.06702918508379381,0.8735273061089444,0.09602666666666677,0.41227154706660835,0.0022135278621641897,0.14203579037194702,0.0,0.0,0.0,0,0.0,0.0,0.0,0.0,0,0.0,0.0,0,0,0
2474,3682,model3,-0.41078076341501973,0.5892192365849802,0.08529949496363506,0.5989056384249953,0.1489199999999999,-0.8544352019190455,0.001536652884171597,-0.33716499106291087,0.0,0.0,0.0,0,0.0,0.0,0.0,0.0,0,0.0,0.0,0,0,0
2474,5264,model3,-0.45701485438981815,0.542985145610182,0.09432477250476132,0.6245930413694135,0.13463999999999993,0.26118464203017133,0.001316133929875074,-0.046042028732508136,0.0,0.0,0.0,0,0.0,0.0,0.0,0.0,0,0.0,0.0,0,0,0
2474,9945,model3,-0.5662778693542915,0.43372213064570864,0.12034095659164959,0.07351040717011306,0.0359733333333333,-1.536378849459856,0.0029246292885128514,-0.7516985332087605,0.0,0.0,0.0,0,0.0,0.0,0.0,0.0,0,0.0,0.0,0,0,0
2882,2883,model3,-0.5214830949370232,0.47851690506297695,0.1382512990182426,0.22585285569638122,0.06244000000000003,-0.8869877292501053,0.0009299484612048102,0.21240004880140215,0.0,0.0,0.0,0,0.0,0.0,0.0,0.0,0,0.0,0.0,0,0,0
2882,2887,model1,0.3974006280824719,-0.602599371917528,0.854032598150921,0.2475607615617809,0.03413333333333325,3.370413873573656e-05,0.0017222188092884717,-0.025018688704534612,0.0,0.0,0.0,0,0.0,0.0,0.0,0.0,0,0.0,0.0,0,0,0
2882,2892,model1,0.42975389257790225,-0.5702461074220977,0.9405233498905808,0.12361025090590956,0.03417333333333316,0.0001183857261831515,0.0018633235149920883,0.42856983490400435,0.0,0.0,0.0,0,0.0,0.0,0.0,0.0,0,0.0,0.0,0,0,0
2882,2912,model3,-0.14705632833295215,0.8529436716670479,0.010811569409116163,0.02566734839124051,0.029399999999999843,4.072865139801755,0.003994609484583734,-0.6670723596636531,0.0,0.0,0.0,0,0.0,0.0,0.0,0.0,0,0.0,0.0,0,0,0
2882,1504,model3,0.2763399652485149,0.723660034751485,0.14472732067989982,0.08969076194044708,0.02919999999999981,3.3558035377538955,0.002171023402481965,-0.8449075269319377,0.0,0.0,0.0,0,0.0,0.0,0.0,0.0,0,0.0,0.0,0,0,0
2882,1536,model3,-0.6875753101396398,0.31242468986036026,0.48864596970211716,0.10821644844239792,0.10158666666666678,-0.946289960696465,0.0023383046476491308,0.9718638234604994,0.0,0.0,0.0,0,0.0,0.0,0.0,0.0,0,0.0,0.0,0,0,0
2882,2603,model3,0.3844593101466031,0.6155406898533969,0.3837823755975965,0.3243320853242604,0.10253333333333357,2.9164806431884034,0.002343258000470616,-1.3066909832620068,0.0,0.0,0.0,0,0.0,0.0,0.0,0.0,0,0.0,0.0,0,0,0
2882,2888,model1,0.3389530713622979,-0.6610469286377022,0.9528773683765445,0.12611604010878383,0.03949333333333321,9.745833268455832e-05,0.0015020423118615467,0.025112686066307177,0.0,0.0,0.0,0,0.0,0.0,0.0,0.0,0,0.0,0.0,0,0,0
2885,2892,model2,-0.3565592982877062,0.6434407017122937,0.36458527171293953,0.5830941626954927,0.14513333333333342,0.9065383090799255,0.0013846868376285796,0.059563851653657414,0.0,0.0,0.0,0,0.0,0.0,0.0,0.0,0,0.0,0.0,0,0,0
2885,2912,model3,-0.587544157245099,0.41245584275490094,0.057192813925193625,0.38551508001651813,0.07990666666666679,0.8358430488259824,0.0016813911841447112,-0.1375869746877363,0.0,0.0,0.0,0,0.0,0.0,0.0,0.0,0,0.0,0.0,0,0,0
2885,2049,model3,-0.7338992710586643,0.26610072894133574,0.030960804695279905,0.24264474778848943,0.06546666666666666,-0.4450656491661037,0.0025711686505992034,-0.32540904525691683,0.0,0.0,0.0,0,0.0,0.0,0.0,0.0,0,0.0,0.0,0,0,0
2885,2353,model1,0.5072822832725618,-0.49271771672743814,0.9345946242184778,0.8881322909963696,0.11309333333333335,-5.342374450967006e-05,0.0016577998758828662,-0.31041745253627673,0.0,0.0,0.0,0,0.0,0.0,0.0,0.0,0,0.0,0.0,0,0,0
2885,2823,model1,0.5719445195739727,-0.4280554804260273,0.9603176545598259,0.483136054529688,0.08721333333333331,-9.464789872447218e-06,0.001533336344998002,-0.18200349322267578,0.0,0.0,0.0,0,0.0,0.0,0.0,0.0,0,0.0,0.0,0,0,0
2885,2888,model3,-0.4153976770644139,0.5846023229355861,0.016729493511856045,0.25755426288361,0.06845333333333342,0.09896915558146242,0.0014542207733245043,-0.49643682395325645,0.0,0.0,0.0,0,0.0,0.0,0.0,0.0,0,0.0,0.0,0,0,0
2885,8464,model3,0.6269597039035287,0.37304029609647127,0.028184726717315048,0.35011860412669954,0.15882666666666662,3.511173553089087,0.0019047832783189711,-0.1417399730132748,0.0,0.0,0.0,0,0.0,0.0,0.0,0.0,0,0.0,0.0,0,0,0
2885,9907,model2,-0.0243097975557809,-0.975690202444219,0.23469624985671594,0.5639346180280848,0.13971999999999998,-2.689609092595467,0.0019660997851114782,-0.30809533230582825,0.0,0.0,0.0,0,0.0,0.0,0.0,0.0,0,0.0,0.0,0,0,0
2885,9910,model3,-0.31222870592152635,0.6877712940784737,0.04405285807043459,0.39104537217926044,0.11074666666666655,2.815824283680507,0.0018384079281756767,1.0445415909943438,0.0,0.0,0.0,0,0.0,0.0,0.0,0.0,0,0.0,0.0,0,0,0
2880,2344,model3,-0.6620960933566028,0.3379039066433972,0.013183743144769857,1.2448547117720226,0.2811866666666666,-1.0550232197024083,0.0011957436997716735,-0.07027183857031205,0.0,0.0,0.0,0,0.0,0.0,0.0,0.0,0,0.0,0.0,0,0,0
2887,2892,model1,0.5333172825468282,-0.46668271745317175,0.9593846462727706,0.6464347898620537,0.11088,8.554435724059968e-05,0.0012976841097981971,-0.28311663836353507,0.0,0.0,0.0,0,0.0,0.0,0.0,0.0,0,0.0,0.0,0,0,0
2887,2912,model3,-0.6753521885857129,0.3246478114142871,0.07792471193021192,0.7188499871619605,0.19202666666666654,0.1445870003449032,0.0014548830277567293,-0.1061843727360868,0.0,0.0,0.0,0,0.0,0.0,0.0,0.0,0,0.0,0.0,0,0,0
2887,2049,model3,-0.9549756051432845,0.04502439485671548,0.030268132178170606,0.28228782971286054,0.06821333333333338,-2.0547768903671315,0.0026738084087345165,0.5242675318678897,0.0,0.0,0.0,0,0.0,0.0,0.0,0.0,0,0.0,0.0,0,0,0
2887,2353,model1,0.5057999767942337,-0.49420002320576634,0.9183919468159243,1.262511668443398,0.17963999999999988,-3.503668798628438e-05,0.0015727573381557121,-0.13381489710022385,0.0,0.0,0.0,0,0.0,0.0,0.0,0.0,0,0.0,0.0,0,0,0
2887,2392,model3,-0.8312218580583759,0.16877814194162413,0.3622666453793839,0.2840075509663473,0.05954666666666674,-1.3444837170658577,0.002337542030032739,0.7438134708550682,0.0,0.0,0.0,0,0.0,0.0,0.0,0.0,0,0.0,0.0,0,0,0
2887,2542,model2,-0.7399660679607419,0.26003393203925795,0.629022720145985,0.8718284562124444,0.18205333333333312,-0.8471719094692651,0.001455494506141119,0.5826448065373409,0.0,0.0,0.0,0,0.0,0.0,0.0,0.0,0,0.0,0.0,0,0,0
2887,2888,model1,0.4374065765248406,-0.5625934234751594,0.8950015818433664,0.6386939119202142,0.12192000000000013,1.831793446215091e-05,0.001088205444391835,0.13593646011349245,0.0,0.0,0.0,0,0.0,0.0,0.0,0.0,0,0.0,0.0,0,0,0
2887,3034,model3,-0.8454660727853192,0.15453392721468082,0.14356694879184528,0.30313077521127024,0.06777333333333332,-1.2523008369805513,0.0023317713497030402,0.6716244078438798,0.0,0.0,0.0,0,0.0,0.0,0.0,0.0,0,0.0,0.0,0,0,0
2887,3037,model3,-0.7019839986888518,0.29801600131114825,0.018567761414219137,0.49000201683816974,0.20135999999999982,-0.8838609869643903,0.0018592660832773516,-0.04464641482892985,0.0,0.0,0.0,0,0.0,0.0,0.0,0.0,0,0.0,0.0,0,0,0
2887,3682,model3,-0.5741641152157151,0.425835884784285,0.07595418022559236,0.5305430895618556,0.09843999999999996,-0.34032560817989777,0.0016612234585741022,0.3137290683238201,0.0,0.0,0.0,0,0.0,0.0,0.0,0.0,0,0.0,0.0,0,0,0
2887,5264,model3,-0.789378020160469,0.210621979839531,0.039998495300102535,0.28820275423117847,0.05017333333333325,-0.7961270886518965,0.0022453622867546767,0.6323014469920976,0.0,0.0,0.0,0,0.0,0.0,0.0,0.0,0,0.0,0.0,0,0,0
2887,5871,model1,0.6243854237018492,-0.3756145762981507,0.8828502076881941,0.26447333686204094,0.0676533333333334,-2.6555956731805588e-05,0.001664201919078572,-0.6219921892879917,0.0,0.0,0.0,0,0.0,0.0,0.0,0.0,0,0.0,0.0,0,0,0
2887,8464,model3,-0.7755886318015041,-0.224411368198496,0.02506849185334598,0.41373917032578195,0.08762666666666634,-3.0660068245588272,0.001969439473534531,0.12005622623702225,0.0,0.0,0.0,0,0.0,0.0,0.0,0.0,0,0.0,0.0,0,0,0
2883,2887,model3,-0.0951531901971062,0.9048468098028938,0.07550124278914269,0.2872248571032972,0.06650666666666669,1.9560450337779431,0.0025140121593445557,-0.5330399351796229,0.0,0.0,0.0,0,0.0,0.0,0.0,0.0,0,0.0,0.0,0,0,0
2883,2892,model2,-0.16868756695134168,-0.8313124330486584,0.34629693753919627,0.19824190448859283,0.060853333333333336,-2.6122631493139647,0.0021879515723484413,0.46956907601167164,0.0,0.0,0.0,0,0.0,0.0,0.0,0.0,0,0.0,0.0,0,0,0
2883,2912,model3,0.21119801943340683,0.7888019805665932,0.0060165112832040075,0.027020376035245326,0.04294666666666667,4.6968517468967415,0.003733706952558343,-0.6216797723230704,0.0,0.0,0.0,0,0.0,0.0,0.0,0.0,0,0.0,0.0,0,0,0
2883,6505,model3,0.1739579479270711,0.826042052072929,0.27843314558408505,0.3432018469245518,0.1682266666666665,4.003000943017427,0.000873155353635743,-0.9754297670539283,0.0,0.0,0.0,0,0.0,0.0,0.0,0.0,0,0.0,0.0,0,0,0
2883,1504,model3,0.38590909794005246,0.6140909020599475,0.1475679776390485,0.15046071574925132,0.03966666666666657,2.8040089385650235,0.0016546771649237528,-0.6834323997374747,0.0,0.0,0.0,0,0.0,0.0,0.0,0.0,0,0.0,0.0,0,0,0
2883,2049,model3,-0.5671573382800092,0.4328426617199907,0.3033535074902698,0.5355618923513249,0.13826666666666676,0.9211357934350825,0.0015551675903958066,-0.17492695515135043,0.0,0.0,0.0,0,0.0,0.0,0.0,0.0,0,0.0,0.0,0,0,0
2883,2344,model3,0.4530819063712545,0.5469180936287455,0.1952758369449019,0.07525521140613103,0.06496000000000006,2.1256013636329874,0.002513304801717579,-2.362827223194897,0.0,0.0,0.0,0,0.0,0.0,0.0,0.0,0,0.0,0.0,0,0,0
2883,2353,model3,-0.27312919056568175,0.7268708094343184,0.25110929410579197,0.8522345000939628,0.11619999999999993,1.2028011396868725,0.0021126580982032445,0.40044863245809065,0.0,0.0,0.0,0,0.0,0.0,0.0,0.0,0,0.0,0.0,0,0,0
2883,2542,model3,-0.5645499511955242,0.43545004880447585,0.018995740529770575,0.054990942625820695,0.04313333333333325,0.35669302911531703,0.0023873289589283996,-0.25853086390465996,0.0,0.0,0.0,0,0.0,0.0,0.0,0.0,0,0.0,0.0,0,0,0
2883,2603,model3,0.4124477250217372,0.5875522749782628,0.4602565264452928,0.42768300625099626,0.07509333333333339,2.317166616337448,0.0020938390451106918,-1.0154782483742426,0.0,0.0,0.0,0,0.0,0.0,0.0,0.0,0,0.0,0.0,0,0,0
2883,2888,model3,0.09474677001542249,0.9052532299845775,0.22092960246649443,0.16732916120346658,0.06720000000000004,1.8725102770636128,0.002071425180688266,-0.6141116033880216,0.0,0.0,0.0,0,0.0,0.0,0.0,0.0,0,0.0,0.0,0,0,0
2883,5871,model3,-0.30276037818546153,0.6972396218145385,0.2637889884858939,0.7443430253605123,0.1536,2.129284740753405,0.0013939376788945506,-0.6162996267681351,0.0,0.0,0.0,0,0.0,0.0,0.0,0.0,0,0.0,0.0,0,0,0
2883,9907,model3,-0.25883484156263653,0.7411651584373635,0.3132699689856669,2.126919357848725,0.3450400000000002,1.4609676582597255,0.001143243483624533,0.04200827289387029,0.0,0.0,0.0,0,0.0,0.0,0.0,0.0,0,0.0,0.0,0,0,0
2883,9945,model1,0.639399825791451,-0.36060017420854895,0.9679424616456103,0.060371520073529285,0.03273333333333323,0.0003308644279952396,0.0021827921442777697,0.6354383935958026,0.0,0.0,0.0,0,0.0,0.0,0.0,0.0,0,0.0,0.0,0,0,0
2892,2912,model3,-0.6946319550112628,0.30536804498873704,0.02650296298871616,1.031632622832563,0.16189333333333333,-0.24134512224855872,0.0011026437713990208,-0.36145109788576457,0.0,0.0,0.0,0,0.0,0.0,0.0,0.0,0,0.0,0.0,0,0,0
2892,4904,model3,-0.7146200747535901,0.28537992524641,0.05301841314746734,0.28593235471365147,0.0726533333333334,-0.7347809091871638,0.0015910959588179775,0.06549928842938227,0.0,0.0,0.0,0,0.0,0.0,0.0,0.0,0,0.0,0.0,0,0,0
2892,6505,model3,-0.31739488855572756,0.6826051114442725,0.01691781518878679,0.7032569102152593,0.17361333333333315,2.1454822012136363,0.0007535944466773472,-0.8451583047133672,0.0,0.0,0.0,0,0.0,0.0,0.0,0.0,0,0.0,0.0,0,0,0
2892,2049,model3,-0.9709603443507765,0.029039655649223513,0.02939543941769853,0.19498684027531712,0.045666666666666605,-2.5002646304243745,0.002444971275476999,0.5592807862977892,0.0,0.0,0.0,0,0.0,0.0,0.0,0.0,0,0.0,0.0,0,0,0
2892,2353,model1,0.47246396166141125,-0.5275360383385888,0.9626070515321837,0.739303056435831,0.14622666666666667,-0.00011083588417610369,0.0018068344187516874,-0.17243542433105433,0.0,0.0,0.0,0,0.0,0.0,0.0,0.0,0,0.0,0.0,0,0,0
2892,2542,model3,-0.8405171601555863,0.15948283984441375,0.12071805790853088,0.30247795975042907,0.0656133333333334,-1.725621166697511,0.0017850303345825545,0.15142282130254622,0.0,0.0,0.0,0,0.0,0.0,0.0,0.0,0,0.0,0.0,0,0,0
2892,2615,model3,-0.861780261066294,0.138219738933706,0.33691957135921446,0.20477916200574212,0.04977333333333326,-1.944379299479051,0.0021853101381380156,0.6310505525302922,0.0,0.0,0.0,0,0.0,0.0,0.0,0.0,0,0.0,0.0,0,0,0
2892,2823,model3,-0.7880304955116378,0.21196950448836221,0.0183644498845787,0.2564940735662945,0.0884933333333333,-1.473393103267565,0.0018178594831975237,0.49555904791702826,0.0,0.0,0.0,0,0.0,0.0,0.0,0.0,0,0.0,0.0,0,0,0
2892,2888,model1,0.4048918519684875,-0.5951081480315125,0.8289235350055657,0.6481140818622411,0.12059999999999989,-1.3190466064174622e-05,0.0010075587762504222,0.010898003972251352,0.0,0.0,0.0,0,0.0,0.0,0.0,0.0,0,0.0,0.0,0,0,0
2892,3037,model3,-0.7367193681038944,0.2632806318961056,0.004227029087967033,0.5449110959049349,0.13793333333333324,-1.3085755428785826,0.001531759149496212,-0.03492349113402486,0.0,0.0,0.0,0,0.0,0.0,0.0,0.0,0,0.0,0.0,0,0,0
2892,3702,model3,-0.8368746430299563,0.16312535697004382,0.013494004516999659,0.22437446813205456,0.04521333333333334,-1.709987725565648,0.0019944976402279384,0.5161062605337022,0.0,0.0,0.0,0,0.0,0.0,0.0,0.0,0,0.0,0.0,0,0,0
2892,5264,model3,-0.9953710692114837,0.00462893078851634,0.03358362058218058,0.1926725041452601,0.046573333333333265,-2.683821282346044,0.002526387396718529,0.5701906701574724,0.0,0.0,0.0,0,0.0,0.0,0.0,0.0,0,0.0,0.0,0,0,0
2892,6285,model3,-0.9466547702919166,-0.053345229708083516,0.5971425568756701,0.21834223653415608,0.046013333333333246,-2.8138867840229413,0.002290713540782551,0.40898020231586574,0.0,0.0,0.0,0,0.0,0.0,0.0,0.0,0,0.0,0.0,0,0,0
2892,8464,model3,0.7063363435157556,0.29366365648424436,0.022494732127715696,0.8398605974150808,0.14198666666666668,3.5175021178630157,0.0013786351246315343,0.10062988152966464,0.0,0.0,0.0,0,0.0,0.0,0.0,0.0,0,0.0,0.0,0,0,0
2892,9945,model3,-0.7605440991396255,0.23945590086037444,0.040368162680716316,0.4075117763029024,0.11687999999999993,-1.1857971866362482,0.0014539147332673938,0.20288556817024894,0.0,0.0,0.0,0,0.0,0.0,0.0,0.0,0,0.0,0.0,0,0,0
3008,2344,model3,0.1605967587728658,0.8394032412271342,0.040839564588225304,0.3553223091868407,0.06542666666666662,3.06808400842538,0.0020835470402076647,-0.5545857681542781,0.0,0.0,0.0,0,0.0,0.0,0.0,0.0,0,0.0,0.0,0,0,0
3008,3037,model3,0.1725963957756321,0.8274036042243679,0.09231077885146527,0.4879880181206147,0.14210666666666688,3.531491676302498,0.0029386016953685382,0.04477069502348571,0.0,0.0,0.0,0,0.0,0.0,0.0,0.0,0,0.0,0.0,0,0,0
2912,2353,model3,-0.2487114542433473,0.7512885457566527,0.07038944474691246,0.7440988815727313,0.20477333333333333,0.4880727083872085,0.002293859177225456,0.0035707650390029645,0.0,0.0,0.0,0,0.0,0.0,0.0,0.0,0,0.0,0.0,0,0,0
2912,2542,model3,-0.6491381923262102,0.3508618076737899,0.07796218490512004,0.0700279713061835,0.03631999999999996,-2.2699951377787344,0.0023623624070321573,0.559143935722941,0.0,0.0,0.0,0,0.0,0.0,0.0,0.0,0,0.0,0.0,0,0,0
2912,3037,model3,-0.40961359440723166,0.5903864055927683,0.09025729890608827,0.2727281792660178,0.10596000000000001,-0.6513478041132488,0.0025136737827953434,-0.18021638220819589,0.0,0.0,0.0,0,0.0,0.0,0.0,0.0,0,0.0,0.0,0,0,0
2912,8464,model3,0.4801916281113105,0.5198083718886894,0.03779057475134107,0.5655137632311978,0.11242666666666672,5.417054664796254,0.001434412202494541,0.15326548939739365,0.0,0.0,0.0,0,0.0,0.0,0.0,0.0,0,0.0,0.0,0,0,0
2912,9907,model3,0.12319489615549663,0.8768051038445033,0.050914273367363934,0.7926444874569195,0.15278666666666668,3.0302598619168486,0.0016261445202199359,0.15535637712424594,0.0,0.0,0.0,0,0.0,0.0,0.0,0.0,0,0.0,0.0,0,0,0
2912,9945,model2,-0.6292919948754483,0.3707080051245517,0.2046689061765118,0.06486450622636508,0.019999999999999858,-2.0294930545407768,0.002263080925983555,0.7008060144491398,0.0,0.0,0.0,0,0.0,0.0,0.0,0.0,0,0.0,0.0,0,0,0
2886,6505,model3,-0.36070580471617425,0.6392941952838257,0.01891412665560883,0.1084148182934336,0.055186666666666495,1.7109806116853248,0.0012273357962550326,0.8024525984701478,0.0,0.0,0.0,0,0.0,0.0,0.0,0.0,0,0.0,0.0,0,0,0
2886,2603,model3,-0.3972517367513705,0.6027482632486295,0.17157619704857305,1.2344400040383132,0.16481333333333328,0.27777483456775653,0.001526913364836705,0.10093367042715276,0.0,0.0,0.0,0,0.0,0.0,0.0,0.0,0,0.0,0.0,0,0,0
2886,2615,model3,-0.6749242541913231,-0.32507574580867704,0.8536458941652226,0.05169833419700738,0.05064000000000006,-3.011672729587351,0.002970096151875516,2.1208293835919534,0.0,0.0,0.0,0,0.0,0.0,0.0,0.0,0,0.0,0.0,0,0,0
2886,2823,model3,-0.5640455982279686,-0.4359544017720314,0.21845256569346505,0.04918117722806762,0.054986666666666566,-3.10943246725176,0.002875880425821618,1.736434952090288,0.0,0.0,0.0,0,0.0,0.0,0.0,0.0,0,0.0,0.0,0,0,0
4904,1504,model3,-0.5393617431891788,0.46063825681082116,0.13358012772202887,0.29746313230032906,0.09848000000000001,-0.7841060377281595,0.0009715529074307174,-0.056555556379569355,0.0,0.0,0.0,0,0.0,0.0,0.0,0.0,0,0.0,0.0,0,0,0
4904,1536,model3,0.8052135532994107,0.19478644670058923,0.31967528063481654,0.28396520942506553,0.07361333333333338,4.369099492869707,0.0011931093077850237,-0.09168907412356794,0.0,0.0,0.0,0,0.0,0.0,0.0,0.0,0,0.0,0.0,0,0,0
4904,2353,model3,0.2867933830592645,0.7132066169407355,0.07100234483865515,0.6872344105922391,0.1031866666666667,2.952818289407187,0.0022210899315665725,-0.019079000100900384,0.0,0.0,0.0,0,0.0,0.0,0.0,0.0,0,0.0,0.0,0,0,0
4904,2603,model3,-0.49524350797817784,0.5047564920218222,0.25670755673632156,0.6402550546022355,0.11296,-0.8447743231777461,0.001575489514970142,-0.48551590378918597,0.0,0.0,0.0,0,0.0,0.0,0.0,0.0,0,0.0,0.0,0,0,0
4904,2834,model3,0.22507889758040103,0.774921102419599,0.07605405026548981,0.3108040967750263,0.047106666666666595,2.5676154043522863,0.0011898334318525372,-0.6268780200418096,0.0,0.0,0.0,0,0.0,0.0,0.0,0.0,0,0.0,0.0,0,0,0
4904,3682,model3,0.5172106838888241,0.48278931611117604,0.10546373380755372,0.37681683396885135,0.12980000000000003,3.355151311177796,0.0015403388932209755,-0.4667444847352929,0.0,0.0,0.0,0,0.0,0.0,0.0,0.0,0,0.0,0.0,0,0,0
4904,9907,model3,0.3529554531818706,0.6470445468181294,0.07768298971597037,1.40326710015882,0.2656666666666666,3.240960212812207,0.0010657815993552367,0.260040139821918,0.0,0.0,0.0,0,0.0,0.0,0.0,0.0,0,0.0,0.0,0,0,0
4904,9910,model3,0.44376467849335477,0.5562353215066452,0.11395065917535858,1.2749688184109427,0.12121333333333321,4.75505438195884,0.0010377274152813404,0.06233285979230979,0.0,0.0,0.0,0,0.0,0.0,0.0,0.0,0,0.0,0.0,0,0,0
4904,9945,model3,-0.7929493097256369,-0.207050690274363,0.4338357974383267,0.04394248883645965,0.05921333333333326,-4.123226437379353,0.0022095145317071276,1.094722042448441,0.0,0.0,0.0,0,0.0,0.0,0.0,0.0,0,0.0,0.0,0,0,0
1504,2344,model3,-0.5747432611445428,0.42525673885545723,0.061488171990851076,0.3383603296546078,0.10162666666666675,-0.9530905450157642,0.001280665625906701,-0.9414444716383813,0.0,0.0,0.0,0,0.0,0.0,0.0,0.0,0,0.0,0.0,0,0,0
1504,2353,model3,-0.08147585477371533,0.9185241452262848,0.04005820732184212,0.6151563239750237,0.1019466666666667,1.9724206104638176,0.002956238766349208,-0.0812811760157827,0.0,0.0,0.0,0,0.0,0.0,0.0,0.0,0,0.0,0.0,0,0,0
1504,2888,model3,-0.3573573135482175,0.6426426864517825,0.028995731699999472,0.2128926502542716,0.09978666666666669,0.024816055074756052,0.0013616657987753104,0.45031325332380717,0.0,0.0,0.0,0,0.0,0.0,0.0,0.0,0,0.0,0.0,0,0,0
1504,3037,model3,-0.6395550503545917,0.36044494964540824,0.04847175762255962,0.5358540387721732,0.1303466666666665,-1.1320784017869312,0.0014659268460611174,-0.3631698351462906,0.0,0.0,0.0,0,0.0,0.0,0.0,0.0,0,0.0,0.0,0,0,0
6505,1504,model3,-0.7568031211687135,0.24319687883128652,0.060394658364250446,1.3962267005567026,0.23736000000000013,-2.543386595811864,0.0005609953973771566,0.5487372950508707,0.0,0.0,0.0,0,0.0,0.0,0.0,0.0,0,0.0,0.0,0,0,0
6505,2344,model3,-0.8092802155660747,0.19071978443392532,0.018124467923650932,1.038408734823383,0.17521333333333342,-3.154680286901486,0.0006108375694822415,-0.06234069261892451,0.0,0.0,0.0,0,0.0,0.0,0.0,0.0,0,0.0,0.0,0,0,0
6505,2603,model3,-0.6940287549378803,0.3059712450621197,0.038994228289058394,0.6683124114316344,0.1498533333333332,-2.2993500426955262,0.0010534816451515444,-0.4970218290197913,0.0,0.0,0.0,0,0.0,0.0,0.0,0.0,0,0.0,0.0,0,0,0
6505,3037,model3,-0.8541953941827493,0.14580460581725063,0.010463015727785258,1.7854552447758554,0.2420266666666666,-3.3800747933529114,0.0006475531406880623,-0.018685743781941974,0.0,0.0,0.0,0,0.0,0.0,0.0,0.0,0,0.0,0.0,0,0,0
6505,5264,model3,0.792161775149245,0.20783822485075495,0.19682389620476168,0.5395227449045009,0.10993333333333341,4.560455320071544,0.0008812330049926608,-0.11569016335129181,0.0,0.0,0.0,0,0.0,0.0,0.0,0.0,0,0.0,0.0,0,0,0
6505,6285,model3,-0.9056309567673932,-0.09436904323260677,0.8113934055552763,0.6140908923640079,0.16204000000000002,-4.414355978495876,0.0007430866926684179,0.01621618143744761,0.0,0.0,0.0,0,0.0,0.0,0.0,0.0,0,0.0,0.0,0,0,0
6505,9907,model3,0.6008276868368295,0.3991723131631704,0.0523072116485725,1.891049770108013,0.2710266666666666,3.7252285750821232,0.0007074892549217154,-0.04538965518917019,0.0,0.0,0.0,0,0.0,0.0,0.0,0.0,0,0.0,0.0,0,0,0
1704,2344,model3,0.4378530787645902,0.5621469212354099,0.44165398779543963,0.15236126455859494,0.03619999999999992,2.712140043409953,0.0029679510190145694,-1.2740223434675837,0.0,0.0,0.0,0,0.0,0.0,0.0,0.0,0,0.0,0.0,0,0,0
1536,2313,model3,-0.18888612547733932,0.8111138745226607,0.2638701523256509,0.6109028178739474,0.1356266666666667,1.4634021971166042,0.0016098150091652524,-0.0814411581816926,0.0,0.0,0.0,0,0.0,0.0,0.0,0.0,0,0.0,0.0,0,0,0
1536,2353,model3,-0.10657736986437072,0.8934226301356293,0.2529255641664531,0.7369641545223765,0.1279333333333333,1.6529065316716551,0.002725238288304621,0.13500059741073955,0.0,0.0,0.0,0,0.0,0.0,0.0,0.0,0,0.0,0.0,0,0,0
1536,2392,model3,-0.36855896823546175,0.6314410317645384,0.7258119148376747,0.26202125142711463,0.07435999999999997,0.5612364740680287,0.0016940424643769373,-0.44808292395911564,0.0,0.0,0.0,0,0.0,0.0,0.0,0.0,0,0.0,0.0,0,0,0
1536,2542,model3,-0.540341883641902,0.45965811635809795,0.18200039365583207,0.051696976973605764,0.03717333333333325,-1.039773161831706,0.004973640897184393,-0.6011057878006083,0.0,0.0,0.0,0,0.0,0.0,0.0,0.0,0,-1.0,4.0,0,0,0
1536,6285,model3,-0.45055383620610345,0.5494461637938967,0.8621479966271086,1.1312584151431004,0.2442666666666669,0.24476578982400166,0.0013057385451117618,-0.12326359359016015,0.0,0.0,0.0,0,0.0,0.0,0.0,0.0,0,0.0,0.0,0,0,0
1536,9907,model3,-0.1259756018046548,0.8740243981953452,0.25695974095242574,1.9043257539735554,0.2730133333333334,1.7386013177297313,0.0013900994459393522,0.2762413925281602,0.0,0.0,0.0,0,0.0,0.0,0.0,0.0,0,0.0,0.0,0,0,0
1536,9910,model3,-0.16948959533097788,0.830510404669022,0.4882409424686388,1.3810826953659108,0.1865333333333333,3.459302026211946,0.0014922254588105586,0.056666782789945525,0.0,0.0,0.0,0,0.0,0.0,0.0,0.0,0,0.0,0.0,0,0,0
1536,9945,model3,-0.42602892911769474,0.5739710708823053,0.11665534758927,0.037731150545466476,0.026666666666666547,0.02253774024812112,0.004172940376823237,-0.8762765351106316,0.0,0.0,0.0,0,0.0,0.0,0.0,0.0,0,-1.0,5.0,0,0,0
2049,2353,model1,0.33418435841425626,-0.6658156415857437,0.9548448593883637,0.47636010137473406,0.10695999999999996,-0.00012795892949186408,0.0024344823511887187,0.027807753848859813,0.0,0.0,0.0,0,0.0,0.0,0.0,0.0,0,0.0,0.0,0,0,0
2049,2603,model3,0.3290861593183994,0.6709138406816006,0.06607260896782337,0.3811601934629633,0.09361333333333384,3.2635416317559542,0.002724146972389393,-1.2885367079958188,0.0,0.0,0.0,0,0.0,0.0,0.0,0.0,0,0.0,0.0,0,0,0
2049,3682,model3,-0.2584341760494477,0.7415658239505523,0.028729760932569286,0.3441124708022756,0.06834666666666693,0.533123129214021,0.002322621112523568,-0.3225513155517904,0.0,0.0,0.0,0,0.0,0.0,0.0,0.0,0,0.0,0.0,0,0,0
2049,3702,model3,-0.26665071170794474,0.7333492882920554,0.024254616010292922,0.4195452116168346,0.058440000000000054,1.2524298010353943,0.0014738432140548002,0.5158656841503232,0.0,0.0,0.0,0,0.0,0.0,0.0,0.0,0,0.0,0.0,0,0,0
2049,9910,model2,-0.24665871232403294,0.753341287675967,0.4867448256428093,0.626239114721352,0.14504000000000025,2.6963147519968858,0.0018258336052383575,1.2088467362591453,0.0,0.0,0.0,0,0.0,0.0,0.0,0.0,0,0.0,0.0,0,0,0
2049,9945,model3,-0.44838348036285697,0.5516165196371431,0.045973321598458634,0.1710562814143353,0.04157333333333328,-0.14220222047068917,0.0024587176300721624,-0.06778803305295696,0.0,0.0,0.0,0,0.0,0.0,0.0,0.0,0,0.0,0.0,0,0,0
2327,2888,model3,-0.418785771659654,0.581214228340346,0.012188523040587323,0.4815970145347881,0.11513333333333339,-0.5881856875469741,0.0010285108772411392,-0.149684067247586,0.0,0.0,0.0,0,0.0,0.0,0.0,0.0,0,0.0,0.0,0,0,0
2313,2344,model3,0.5748598005147338,0.4251401994852662,0.050725783843713096,0.22671575625277543,0.13657333333333332,2.6148213505731652,0.002144899971800946,-0.8696544928891748,0.0,0.0,0.0,0,0.0,0.0,0.0,0.0,0,0.0,0.0,0,0,0
2313,6285,model3,-0.7638826645808519,0.23611733541914826,0.8430285026883311,0.7649692136512011,0.16614666666666664,-1.1956722896198972,0.001366339829037181,-0.4456322504662978,0.0,0.0,0.0,0,0.0,0.0,0.0,0.0,0,0.0,0.0,0,0,0
2344,2603,model3,-0.4304817076404527,0.5695182923595472,0.00898287543005719,0.5707124057725191,0.07991999999999998,0.4831786890360212,0.001861284228021448,0.231592872999699,0.0,0.0,0.0,0,0.0,0.0,0.0,0.0,0,0.0,0.0,0,0,0
2344,2615,model3,-0.73865045079281,-0.26134954920719,0.8458499292160544,0.06980159651854408,0.022479999999999854,-2.353859812567215,0.003608740424325202,1.7791722278466493,0.0,0.0,0.0,0,0.0,0.0,0.0,0.0,0,-5.0,-1.0,0,0,0
2344,9907,model3,0.2660869100105516,0.7339130899894484,0.022172333339370808,0.8445381323038715,0.2972000000000001,2.5554375310807687,0.0013917233574397114,-0.357066677108033,0.0,0.0,0.0,0,0.0,0.0,0.0,0.0,0,0.0,0.0,0,0,0
2344,9910,model3,0.31724007818247896,0.682759921817521,0.020626312606078168,0.7811134111241528,0.10503999999999995,4.2150185483056495,0.0014947494215596564,-0.5204887814736873,0.0,0.0,0.0,0,0.0,0.0,0.0,0.0,0,0.0,0.0,0,0,0
2353,2392,model3,-0.7634830531376774,0.23651694686232258,0.7482723250105824,0.9494505407022837,0.15343999999999983,-0.9713940543528619,0.002194547540281129,-0.1834524361243243,0.0,0.0,0.0,0,0.0,0.0,0.0,0.0,0,0.0,0.0,0,0,0
2353,2603,model3,-0.7055190760045306,-0.2944809239954694,0.007515310359569703,0.7707171363984602,0.12081333333333326,-2.4502933311077237,0.0024151813783663437,0.16197661891044537,0.0,0.0,0.0,0,0.0,0.0,0.0,0.0,0,0.0,0.0,0,0,0
2353,2615,model3,-0.7387706260465414,0.2612293739534587,0.5123944324015701,1.45785032739777,0.2689466666666669,-1.0442811779055325,0.0018298901787651115,-0.35213837661639047,0.0,0.0,0.0,0,0.0,0.0,0.0,0.0,0,0.0,0.0,0,0,0
2353,2823,model1,0.5647975639433427,-0.4352024360566572,0.9754812748293142,1.770154819229314,0.32326666666666654,4.899414700522649e-05,0.0014710025608644338,0.21904017895883088,0.0,0.0,0.0,0,0.0,0.0,0.0,0.0,0,0.0,0.0,0,0,0
2353,2888,model1,0.4317139221924816,-0.5682860778075184,0.9631936661888457,0.5478493367909856,0.13037333333333326,8.404277179407356e-05,0.0014727174032863866,0.09960947638270079,0.0,0.0,0.0,0,0.0,0.0,0.0,0.0,0,0.0,0.0,0,0,0
2353,3034,model3,-0.807106602281261,0.1928933977187391,0.18545220681178037,1.1955813250480913,0.15242666666666682,-1.0174059214237476,0.0022692716325030805,-0.06362728692763975,0.0,0.0,0.0,0,0.0,0.0,0.0,0.0,0,0.0,0.0,0,0,0
2353,3037,model3,-0.8757971081164229,0.12420289188357715,0.0033793563411392167,0.5813807690094704,0.11793333333333335,-1.8057505308530393,0.0028262673145689507,0.2270393713042502,0.0,0.0,0.0,0,0.0,0.0,0.0,0.0,0,0.0,0.0,0,0,0
2353,3682,model1,0.4973205788594951,-0.502679421140505,0.7985669087068034,1.4391349331017784,0.20759999999999998,-7.736949414794599e-06,0.0016240434630560908,0.031724371327223264,0.0,0.0,0.0,0,0.0,0.0,0.0,0.0,0,0.0,0.0,0,0,0
2353,3702,model3,-0.5206811399029942,0.47931886009700575,0.018756519903918443,1.2292400905991112,0.2167999999999997,0.39593342648808955,0.0015588635291728973,0.047119691434452354,0.0,0.0,0.0,0,0.0,0.0,0.0,0.0,0,0.0,0.0,0,0,0
2353,5264,model3,-0.7183106350622135,0.2816893649377865,0.03622721114394221,0.898863192721856,0.1810933333333332,-0.3017195897695062,0.00214670074637524,-0.074745401336908,0.0,0.0,0.0,0,0.0,0.0,0.0,0.0,0,0.0,0.0,0,0,0
2353,6176,model1,0.6314466506653023,-0.36855334933469774,0.8772601179116173,1.5632031182034556,0.19749333333333347,1.5534774789882633e-05,0.0016980321509190335,0.0028225733027827157,0.0,0.0,0.0,0,0.0,0.0,0.0,0.0,0,0.0,0.0,0,0,0
2353,6285,model3,-0.8687811968413028,0.13121880315869722,0.827914076441546,0.7562703129101173,0.11370666666666658,-1.5293808121199148,0.0026190801367404278,-0.09109230694455991,0.0,0.0,0.0,0,0.0,0.0,0.0,0.0,0,0.0,0.0,0,0,0
2353,8464,model3,-0.8547573584000997,-0.14524264159990033,0.02369135096109442,0.6264536372407791,0.10877333333333337,-2.8719921663015096,0.0027026216721180835,0.01183595171270181,0.0,0.0,0.0,0,0.0,0.0,0.0,0.0,0,0.0,0.0,0,0,0
2353,9945,model3,-0.6677409056695781,0.33225909433042194,0.07582394904888796,1.2215515537088877,0.26193333333333363,-0.4016382041409261,0.0018508311267766407,-0.5705290916136743,0.0,0.0,0.0,0,0.0,0.0,0.0,0.0,0,0.0,0.0,0,0,0
2542,9945,model3,-0.3978634984224151,0.6021365015775849,0.058728196150513924,0.272280020152417,0.0890133333333333,0.8215615478373411,0.0012152002210878295,-0.49850098121128145,0.0,0.0,0.0,0,0.0,0.0,0.0,0.0,0,0.0,0.0,0,0,0
2392,2542,model3,-0.5395973037660784,0.4604026962339216,0.24081396522595394,0.05397194317181615,0.20000000000000162,-0.4088747533320016,0.002394493638755487,-0.9114792650598919,0.0,0.0,0.0,0,0.0,0.0,0.0,0.0,0,0.0,0.0,0,0,0
2392,2603,model3,0.33856113444818303,0.661438865551817,0.9820337702425936,0.6285275733572354,0.08807999999999974,2.914918092306878,0.0019427849059228813,-0.6966128649637973,0.0,0.0,0.0,0,0.0,0.0,0.0,0.0,0,0.0,0.0,0,0,0
2392,3682,model3,-0.37991881349640483,0.6200811865035951,0.7822465461536376,0.9790065698527146,0.12786666666666655,0.06702539089682027,0.0015143949537079007,0.12498816150493165,0.0,0.0,0.0,0,0.0,0.0,0.0,0.0,0,0.0,0.0,0,0,0
2392,9910,model3,-0.28844473103056867,0.7115552689694313,0.9084373144668584,1.6202785015917016,0.19241333333333305,2.5936754184108812,0.0012107375918986932,0.5920308422914874,0.0,0.0,0.0,0,0.0,0.0,0.0,0.0,0,0.0,0.0,0,0,0
2603,2823,model3,-0.5600901526053977,-0.4399098473946023,0.16935490477587886,0.32389567169185585,0.07126666666666678,-2.781898970293093,0.002316182218591778,1.2433693263423222,0.0,0.0,0.0,0,0.0,0.0,0.0,0.0,0,0.0,0.0,0,0,0
2603,2888,model3,-0.506192799271401,0.49380720072859896,0.0038217594424271245,0.4157902595715348,0.08480000000000007,-0.3431903406794785,0.0016226363089264562,-0.02094347696068146,0.0,0.0,0.0,0,0.0,0.0,0.0,0.0,0,0.0,0.0,0,0,0
2603,3037,model3,-0.6526879898732743,0.34731201012672575,0.008373604175756676,0.7593718551302124,0.10518666666666673,-0.7034984861613912,0.0019902113140329073,0.21898975555333464,0.0,0.0,0.0,0,0.0,0.0,0.0,0.0,0,0.0,0.0,0,0,0
2603,3682,model3,0.5473213223304823,0.45267867766951786,0.6690852680458043,0.5628063605244554,0.16243999999999986,2.4504301572652682,0.002148841681708522,-0.5067646433548729,0.0,0.0,0.0,0,0.0,0.0,0.0,0.0,0,0.0,0.0,0,0,0
2603,3702,model3,-0.5192257916393058,-0.48077420836069423,0.011803161832197099,0.23709499323336883,0.06838666666666668,-2.9590786791820647,0.0021169964233059345,0.6663804619369195,0.0,0.0,0.0,0,0.0,0.0,0.0,0.0,0,0.0,0.0,0,0,0
2603,6285,model3,0.7416442999935904,0.2583557000064096,0.9743066827646875,0.880875086420272,0.14666666666666664,2.998294404315974,0.0020548038279992425,-0.32095182981391596,0.0,0.0,0.0,0,0.0,0.0,0.0,0.0,0,0.0,0.0,0,0,0
2603,9907,model3,0.35138137048636764,0.6486186295136322,0.0234276123129504,0.8793731539728984,0.17989333333333318,2.6223971253745604,0.0015173115304178604,0.16397710977378654,0.0,0.0,0.0,0,0.0,0.0,0.0,0.0,0,0.0,0.0,0,0,0
2603,9910,model3,0.39629128733971014,0.6037087126602899,0.01754872764581723,1.8540577613623574,0.17114666666666659,4.104385119802997,0.001261899652579057,-0.15140459589320038,0.0,0.0,0.0,0,0.0,0.0,0.0,0.0,0,0.0,0.0,0,0,0
2603,9945,model3,-0.604606758182426,-0.39539324181757396,0.06952370173853524,0.16407310724188162,0.06734666666666642,-2.9596179596094947,0.0027777876533132957,1.6090349752276756,0.0,0.0,0.0,0,0.0,0.0,0.0,0.0,0,0.0,0.0,0,0,0
2823,3702,model3,-0.38283230865150186,0.6171676913484981,0.020068488020179586,0.6294252961256583,0.12961333333333336,0.932794289478051,0.0009333346741942112,-0.04098871484178945,0.0,0.0,0.0,0,0.0,0.0,0.0,0.0,0,0.0,0.0,0,0,0
2888,3037,model3,-0.7097625604216973,0.29023743957830267,0.01563400155013289,0.4249262027552532,0.08787999999999996,-0.54693851294124,0.0014201843044417354,0.14324077356114598,0.0,0.0,0.0,0,0.0,0.0,0.0,0.0,0,0.0,0.0,0,0,0
2888,3702,model3,-0.7418532905884961,0.2581467094115038,0.010884290124740941,0.24617557728927214,0.07741333333333333,-0.47652237091913224,0.0013974224698882372,0.5054341585503538,0.0,0.0,0.0,0,0.0,0.0,0.0,0.0,0,0.0,0.0,0,0,0
2888,5871,model3,-0.4410142463399245,0.5589857536600755,0.013705817697802202,0.2581489888013627,0.05362666666666667,1.3957968033100683,0.0014085782526815686,0.3970557373881708,0.0,0.0,0.0,0,0.0,0.0,0.0,0.0,0,0.0,0.0,0,0,0
3037,9910,model3,0.24068410529488482,0.7593158947051152,0.029690590532026207,0.8409035892802048,0.17767999999999978,4.560220407355503,0.001727433501202192,-0.08926775620548152,0.0,0.0,0.0,0,0.0,0.0,0.0,0.0,0,0.0,0.0,0,0,0
3034,3682,model3,-0.295598647374414,0.7044013526255859,0.21808067876002996,0.8880241284550713,0.22424000000000008,0.2435580234246383,0.0016449782700715173,0.4437091345351849,0.0,0.0,0.0,0,0.0,0.0,0.0,0.0,0,0.0,0.0,0,0,0
3034,9910,model3,-0.1868457842616725,0.8131542157383276,0.4742755508745626,0.7611262600014922,0.1511066666666665,3.283396567049076,0.0016535844685781926,0.4741856800609187,0.0,0.0,0.0,0,0.0,0.0,0.0,0.0,0,0.0,0.0,0,0,0
3682,5264,model3,-0.5689721220430594,0.43102787795694064,0.07062775080636954,0.6190081296937567,0.14477333333333336,0.8447830520014222,0.0016761362155701314,-0.24388264647466418,0.0,0.0,0.0,0,0.0,0.0,0.0,0.0,0,0.0,0.0,0,0,0
3682,6285,model3,-0.7459637763982744,0.2540362236017255,0.606555359493972,0.42141764314494634,0.10649333333333333,-0.661025323222129,0.002120355306883808,-0.021143791445580675,0.0,0.0,0.0,0,0.0,0.0,0.0,0.0,0,0.0,0.0,0,0,0
5264,6176,model3,-0.5592132966348903,0.44078670336510967,0.1312227130032644,0.5275206483531505,0.11185333333333337,-1.0353968354505831,0.0014853010205396029,0.594998086761833,0.0,0.0,0.0,0,0.0,0.0,0.0,0.0,0,0.0,0.0,0,0,0
5264,9907,model3,-0.24649712752469552,0.7535028724753045,0.03924177666774947,1.2685006571540927,0.21331999999999987,0.765242947610759,0.001273345221418607,-0.2671162233018707,0.0,0.0,0.0,0,0.0,0.0,0.0,0.0,0,0.0,0.0,0,0,0
5264,9945,model1,0.417715021441276,-0.582284978558724,0.7841639875631794,0.06651959340007975,0.03113333333333318,0.0005289414229992643,0.0027270783626474017,0.9322647988874032,0.0,0.0,0.0,0,0.0,0.0,0.0,0.0,0,0.0,0.0,0,0,0
6176,9945,model1,0.4690901429056841,-0.5309098570943158,0.9192425019383182,0.11366279248802003,0.03881333333333327,0.00030164208125628514,0.0023971311079588964,1.1102864729186264,0.0,0.0,0.0,0,0.0,0.0,0.0,0.0,0,0.0,0.0,0,0,0
6285,9907,model3,-0.14457636515278524,0.8554236348472148,0.8163354682143228,1.5792759728262418,0.30232,1.660493906104339,0.001359299219731754,0.3999646303518661,0.0,0.0,0.0,0,0.0,0.0,0.0,0.0,0,0.0,0.0,0,0,0
6285,9910,model3,-0.20417071001097836,0.7958292899890217,0.842593683797106,1.7830439827470297,0.1957466666666665,3.199261051060108,0.0013166401582055411,-0.1012812858864035,0.0,0.0,0.0,0,0.0,0.0,0.0,0.0,0,0.0,0.0,0,0,0
6285,9945,model3,-0.4349791766036542,0.5650208233963457,0.11486005231025408,0.01741245748713444,0.039999999999999716,0.13659116219803613,0.003737359939653673,-1.3054125149141542,-0.44999999999998863,-0.9371999999999758,-1.0666499999999814,1,-8.999999999999773e-05,0.017771696353743604,-1.4494484859545482,0.00028527953007093326,-5,-1.0,3.0,0,16,76
8464,9907,model3,-0.16820428847342606,0.8317957115265739,0.023936354601926595,0.8031609557432479,0.16587999999999994,1.329682694328404,0.0014630072030896205,-0.0013549339892007278,0.0,0.0,0.0,0,0.0,0.0,0.0,0.0,0,0.0,0.0,0,0,0
